{
    "camera_matrix": [
        [
            6672.110799844848,
            0.0,
            925.5606367629198
        ],
        [
            0.0,
            6758.206860970157,
            528.2133348634716
        ],
        [
            0.0,
            0.0,
            1.0
        ]
    ],
    "dist_coeffs": [
        4.377133459809351,
        -1096.5656497459415,
        0.33379448279821533,
        -0.08531018789791643,
        1752.6491920689555
    ],
    "extrinsics": [
        [
            [
                -0.9506787886189249,
                -0.11861248863318934,
                -0.2866023698616169,
                0.5245398545752759
            ],
            [
                0.25287108987718043,
                -0.8314744398648825,
                -0.49467814562168266,
                1.015171569510308
            ],
            [
                -0.17962753901999676,
                -0.5427534738641673,
                0.8204587825320645,
                13.508355558653246
            ]
        ],
        [
            [
                -0.7068592218762059,
                0.08299175235332115,
                -0.7024687960969437,
                0.2707005464620574
            ],
            [
                0.09015875661412218,
                -0.9744228387204491,
                -0.20584345990528105,
                1.1915952352244903
            ],
            [
                -0.7015849478533301,
                -0.20883606111327271,
                0.6812973363549373,
                14.664420996092693
            ]
        ],
        [
            [
                -0.6912968576089435,
                0.07875518095266332,
                -0.7182661596741929,
                0.27892942210591914
            ],
            [
                0.07862059060230966,
                -0.9799425940046118,
                -0.18311557877159587,
                1.189083154263669
            ],
            [
                -0.718280904238268,
                -0.1830577338672851,
                0.6712394570330543,
                15.303627209386784
            ]
        ],
        [
            [
                -0.7613113144024777,
                0.062089308339260754,
                -0.6454068487029897,
                0.2685397174210415
            ],
            [
                0.09371151573073176,
                -0.9744164138978987,
                -0.20428118891813743,
                1.187046504461386
            ],
            [
                -0.6415787047449598,
                -0.2160036344979203,
                0.7360157576448124,
                16.68436416776255
            ]
        ],
        [
            [
                -0.9579544471700548,
                -0.11644038167874965,
                -0.262230651643971,
                0.32855682433553124
            ],
            [
                0.23303845931037903,
                -0.8489284302799498,
                -0.4743559810360413,
                1.1616206243061604
            ],
            [
                -0.16738086398797028,
                -0.5155212486182577,
                0.8403698522636998,
                15.349640382280388
            ]
        ],
        [
            [
                -0.9546809384243539,
                -0.11501654429222885,
                -0.2745095633093111,
                0.4209714401607874
            ],
            [
                0.23834476516953518,
                -0.8478351155033342,
                -0.47367434998712654,
                1.0999307544106518
            ],
            [
                -0.17825846045973254,
                -0.5176357903570052,
                0.836825614937786,
                14.47112104337539
            ]
        ],
        [
            [
                -0.926021234546494,
                -0.08345289913420302,
                -0.36813080120397923,
                0.42772607999154744
            ],
            [
                0.2649415693019937,
                -0.8383602703314731,
                -0.47640111459308776,
                1.0644551412863987
            ],
            [
                -0.268869183851151,
                -0.5386907004541994,
                0.7984495545865,
                14.513739475805728
            ]
        ],
        [
            [
                -0.7506334204792172,
                0.047172472423964,
                -0.6590327957735345,
                0.3087605917355046
            ],
            [
                0.08502969366987514,
                -0.9822569189580203,
                -0.1671565025761915,
                1.176961118632599
            ],
            [
                -0.6552247089770638,
                -0.18151061402713473,
                0.733303809986976,
                15.382281209301041
            ]
        ],
        [
            [
                -0.7462956896391892,
                0.05606517660247455,
                -0.6632491534849482,
                0.2835335046888185
            ],
            [
                0.09223064192855597,
                -0.9781236413118587,
                -0.18646085647201388,
                1.1747431095826841
            ],
            [
                -0.6591936379512574,
                -0.2003268286559836,
                0.7247985302173443,
                17.566391365853963
            ]
        ],
        [
            [
                -0.7554786307164523,
                0.053981227227247346,
                -0.6529456835279904,
                0.26736515060948296
            ],
            [
                0.1001444253860688,
                -0.9753746935030184,
                -0.19650776406541023,
                1.1799861777707559
            ],
            [
                -0.6474744262091657,
                -0.21384628680651233,
                0.731468818900832,
                18.665008621757384
            ]
        ],
        [
            [
                -0.7484392283003041,
                0.05039269056381427,
                -0.6612860941218898,
                0.27543174147108385
            ],
            [
                0.07139736126962161,
                -0.9851918615438077,
                -0.1558826890696395,
                1.1390949475727148
            ],
            [
                -0.6593490261955198,
                -0.1638828016772548,
                0.7337583314480544,
                19.212039959221684
            ]
        ],
        [
            [
                -0.7194334250351835,
                0.057188358877393826,
                -0.6922030327519919,
                0.3134648559142689
            ],
            [
                0.06302738100614151,
                -0.9871174188787717,
                -0.14706036376134152,
                1.130037044364007
            ],
            [
                -0.6916958118896279,
                -0.14942788546660835,
                0.7065608330917632,
                19.096286040750904
            ]
        ]
    ],
    "reprojection_errors": [
        0.08773880386478211,
        0.08061711097725889,
        0.07454669369674086,
        0.14345616566958028,
        0.07548388393040692,
        0.08400793625705137,
        0.077578957338055,
        0.06915955055765248,
        0.0648992114536654,
        0.0629605202340542,
        0.05384335308625606,
        0.06032408589621883
    ],
    "best_extrinsic": [
        [
            -0.7484392283003041,
            0.05039269056381427,
            -0.6612860941218898,
            0.27543174147108385
        ],
        [
            0.07139736126962161,
            -0.9851918615438077,
            -0.1558826890696395,
            1.1390949475727148
        ],
        [
            -0.6593490261955198,
            -0.1638828016772548,
            0.7337583314480544,
            19.212039959221684
        ]
    ],
    "best_error": 0.05384335308625606
}