{
    "camera_matrix": [
        [
            1179.1273193359375,
            0.0,
            985.4107666015625
        ],
        [
            0.0,
            1181.6070556640625,
            543.994873046875
        ],
        [
            0.0,
            0.0,
            1.0
        ]
    ],
    "dist_coeffs": [
        [
            -0.4845893979072571,
            0.38154301047325134,
            -0.00023507291916757822,
            0.0018891821382567286,
            -0.21654486656188965
        ]
    ],
    "extrinsics": [
        [
            [
                -0.9558578219288042,
                -0.012771407289837992,
                0.29355189560512046,
                -0.8194301238455263
            ],
            [
                -0.09771180255400083,
                -0.928379635921972,
                -0.3585577432534885,
                0.95092301178957
            ],
            [
                0.27710688894210195,
                -0.37141370836470705,
                0.8861510194879912,
                2.269351863716999
            ]
        ],
        [
            [
                -0.9540968423987654,
                -0.017999143283895992,
                0.2989569302855367,
                -0.8119092278270674
            ],
            [
                -0.09115362013267647,
                -0.9333857463936541,
                -0.34710526640468725,
                0.9581109444511635
            ],
            [
                0.2852897349387342,
                -0.35842304511597317,
                0.8888997063045866,
                2.2627224034932287
            ]
        ],
        [
            [
                -0.9542139688495976,
                -0.018662176762444034,
                0.2985421658841283,
                -0.8135561994141619
            ],
            [
                -0.08776891165998668,
                -0.9366535759179933,
                -0.3390821388189852,
                0.9573196601299031
            ],
            [
                0.285958598049299,
                -0.3497596344327393,
                0.8921299671702304,
                2.2534068490590635
            ]
        ],
        [
            [
                -0.954549641220224,
                -0.012984922641033417,
                0.2977689947431534,
                -0.8191104399811499
            ],
            [
                -0.09323028244368395,
                -0.9359096168791283,
                -0.33967823520007034,
                0.9536771858936548
            ],
            [
                0.2830955613954635,
                -0.352000825023422,
                0.892161601001196,
                2.252019566669058
            ]
        ],
        [
            [
                -0.9487857614578156,
                -0.03442870183412486,
                0.31403860167968206,
                -0.80546204103495
            ],
            [
                -0.07147205023505582,
                -0.9448791744642883,
                -0.31952322560164975,
                0.9440093897860806
            ],
            [
                0.3077293045683344,
                -0.32560406962091554,
                0.894027217122715,
                2.2139790057537083
            ]
        ],
        [
            [
                -0.9537982957111404,
                -0.020934853187135574,
                0.29971743863271794,
                -0.8100048825354631
            ],
            [
                -0.08507280303019014,
                -0.9379252976328353,
                -0.33624210659128323,
                0.9477752464843177
            ],
            [
                0.2881517469721647,
                -0.34620495083460384,
                0.8928105637449073,
                2.2518511489009714
            ]
        ],
        [
            [
                -0.9522739562488685,
                -0.020190196204817483,
                0.30457621086903536,
                -0.822535136853109
            ],
            [
                -0.08877628434836432,
                -0.9363584483566794,
                -0.3396345499627066,
                0.9430357668969643
            ],
            [
                0.29204979641736867,
                -0.35046428087364745,
                0.8898773534843392,
                2.273263200153442
            ]
        ],
        [
            [
                -0.9550872757618106,
                -0.015680152625524225,
                0.29590949375024,
                -0.8178971351822709
            ],
            [
                -0.08780341791464286,
                -0.938779212207179,
                -0.33314283802923783,
                0.94027871449918
            ],
            [
                0.2830174119738742,
                -0.3441623505575656,
                0.8952393093348289,
                2.2716257306451975
            ]
        ],
        [
            [
                -0.9546522999341176,
                -0.019720488278544043,
                0.29706916462762545,
                -0.8135796650433188
            ],
            [
                -0.0741812713227993,
                -0.9505794364583728,
                -0.30148942596286116,
                0.9297709226140367
            ],
            [
                0.28833335779169333,
                -0.3098545422041415,
                0.9060099543934543,
                2.2318251603193575
            ]
        ],
        [
            [
                -0.9549537594550083,
                -0.015047139085660119,
                0.2963729085258689,
                -0.8162560793452318
            ],
            [
                -0.08969749311155084,
                -0.9373628943709643,
                -0.3366083242969367,
                0.9485717417491194
            ],
            [
                0.2828739596220365,
                -0.34802929167215974,
                0.8937885292986959,
                2.258883610908211
            ]
        ],
        [
            [
                -0.9510500365301884,
                -0.018143874900855388,
                0.3085038538163006,
                -0.8213348640387639
            ],
            [
                -0.10011133479641213,
                -0.926355327835034,
                -0.3631026400853169,
                0.9516809404603762
            ],
            [
                0.29237227751824885,
                -0.37621351171273554,
                0.8791938608427401,
                2.3245325203766596
            ]
        ],
        [
            [
                -0.9541647774020046,
                -0.012921167199887111,
                0.2990027106960332,
                -0.8188599248159768
            ],
            [
                -0.09491034785797794,
                -0.9344347001484714,
                -0.3432547407216891,
                0.9480429511039561
            ],
            [
                0.2838337602098467,
                -0.35590003455553215,
                0.890378325190202,
                2.2775745142155692
            ]
        ]
    ],
    "reprojection_errors": [
        0.07796523203837852,
        0.07200985613596957,
        0.07000139474320508,
        0.06656892177777289,
        0.07702521457051555,
        0.05225490411946357,
        0.09109743653376295,
        0.05544262659741181,
        0.065440838576954,
        0.12031808419237733,
        0.08247452784158507,
        0.07940286282085417
    ],
    "best_extrinsic": [
        [
            -0.9537982957111404,
            -0.020934853187135574,
            0.29971743863271794,
            -0.8100048825354631
        ],
        [
            -0.08507280303019014,
            -0.9379252976328353,
            -0.33624210659128323,
            0.9477752464843177
        ],
        [
            0.2881517469721647,
            -0.34620495083460384,
            0.8928105637449073,
            2.2518511489009714
        ]
    ],