{
    "camera_matrix": [
        [
            1112.3582763671875,
            0.0,
            997.9270629882812
        ],
        [
            0.0,
            1113.7698974609375,
            544.3827514648438
        ],
        [
            0.0,
            0.0,
            1.0
        ]
    ],
    "dist_coeffs": [
        -0.4271525740623474,
        0.22305969893932343,
        0.0017148605547845364,
        -0.00034022913314402103,
        -0.06510619074106216
    ],
    "extrinsics": [
        [
            [
                0.9888005723969067,
                0.09198975896722633,
                0.1175215396116845,
                0.7355955125613728
            ],
            [
                0.09085703033551018,
                -0.9957514050933771,
                0.01497128228233456,
                0.8553004691700354
            ],
            [
                0.11839944284565408,
                -0.004125954400713403,
                -0.9929574756423972,
                3.9652030668161498
            ]
        ],
        [
            [
                0.8836440541069102,
                -0.06916365654621626,
                -0.4630222178844777,
                -1.496095231698271
            ],
            [
                -0.13057493888353572,
                -0.986189839914243,
                -0.10188122979960845,
                1.113099632495051
            ],
            [
                -0.44958132854586463,
                0.1504858407395086,
                -0.8804718284873506,
                3.852673342573966
            ]
        ],
        [
            [
                -0.15700262697753897,
                -0.1628362229465407,
                0.9740813824412496,
                0.2764780470470359
            ],
            [
                0.025585669878067083,
                -0.986653058793983,
                -0.16081391441466608,
                1.260350993733325
            ],
            [
                0.9872667059204631,
                -0.000325682332130664,
                0.1590733959905809,
                3.3061297716658333
            ]
        ],
        [
            [
                0.9452685743269555,
                -0.20021141836016282,
                -0.2576484239192938,
                -1.4364533048364991
            ],
            [
                -0.24382207299796227,
                -0.9581513511841829,
                -0.1499892827601387,
                1.4594711138279697
            ],
            [
                -0.21683661846851565,
                0.20460052830365896,
                -0.9545263247857563,
                2.6188073902381284
            ]
        ],
        [
            [
                0.9961579458438058,
                -0.05576200855257794,
                0.06752736729972508,
                -1.339976138510743
            ],
            [
                -0.05655523377694805,
                -0.9983504756937629,
                0.00989106740812692,
                0.8883708914047977
            ],
            [
                0.06686443348062188,
                -0.013672091435460115,
                -0.9976683925288482,
                3.738252395034201
            ]
        ],
        [
            [
                0.23513046588458375,
                -0.25057569620151204,
                0.9391088778656212,
                0.09774588423795195
            ],
            [
                -0.054461112078625404,
                -0.9680759588725963,
                -0.24466901136854743,
                0.9901986134904801
            ],
            [
                0.9704368352881388,
                0.0063842247791353335,
                -0.24127078229638865,
                4.059271523749347
            ]
        ],
        [
            [
                0.9914697979933901,
                0.0715193096316217,
                0.10896158963947977,
                -0.4211573108228553
            ],
            [
                0.07117730177602402,
                -0.9974389060003165,
                0.007029972174671778,
                0.8466376686286624
            ],
            [
                0.10918530752272015,
                0.0007855868558435627,
                -0.9940211021273446,
                3.7987914584329276
            ]
        ],
        [
            [
                0.9922697985071562,
                0.05923656763295438,
                0.10904896159814144,
                0.9220712532446842
            ],
            [
                0.061291707135639716,
                -0.9979981568432017,
                -0.015588636052300719,
                1.3075726467529751
            ],
            [
                0.10790724538679262,
                0.02215192977233674,
                -0.9939141403563971,
                2.5624508765834313
            ]
        ],
        [
            [
                0.9965861873020846,
                -0.029471551502291745,
                0.07711938103189804,
                -0.16255219843459304
            ],
            [
                -0.028634938403282326,
                -0.9995187188191448,
                -0.011931933320954949,
                1.1543224797574014
            ],
            [
                0.07743391751251862,
                0.009682891209925527,
                -0.9969504651869526,
                2.8768206562903442
            ]
        ],
        [
            [
                0.9890572719326333,
                -0.14101509382861976,
                0.0433642266123044,
                -0.9892210022840883
            ],
            [
                -0.14098347229221553,
                -0.9900046492181724,
                -0.0038019819612088684,
                1.2986232218100948
            ],
            [
                0.04346692279892634,
                -0.0023532613345788466,
                -0.9990520951299202,
                2.581283975027865
            ]
        ],
        [
            [
                0.9940108269491283,
                0.026658349071769446,
                0.10598022613996547,
                -1.1862891860178175
            ],
            [
                0.02798476799632824,
                -0.9995472934871887,
                -0.011048114890220286,
                0.9651803532864984
            ],
            [
                0.10563772369803417,
                0.013947777858982177,
                -0.9943068594879019,
                3.408707201433162
            ]
        ],
        [
            [
                0.9918570595633134,
                0.06801291449271367,
                0.10767458779407553,
                0.06388865613718776
            ],
            [
                0.06864140291857117,
                -0.9976391082937754,
                -0.0021371495434287647,
                1.025390007865973
            ],
            [
                0.107275025983626,
                0.009510681626856537,
                -0.994183894324991,
                3.3285775082973226
            ]
        ]
    ],
    "reprojection_errors": [
        0.060654453696591386,
        4.298846068668417,
        8.674301862037337,
        3.744895841133095,
        0.055606912450897106,
        7.423147256200483,
        0.050595701692431765,
        0.1955308033142368,
        0.06208036042030274,
        0.06268689566272542,
        0.06491099252454864,
        0.057755266616119356
    ],
    "best_extrinsic": [
        [
            0.9914697979933901,
            0.0715193096316217,
            0.10896158963947977,
            -0.4211573108228553
        ],
        [
            0.07117730177602402,
            -0.9974389060003165,
            0.007029972174671778,
            0.8466376686286624
        ],
        [
            0.10918530752272015,
            0.0007855868558435627,
            -0.9940211021273446,
            3.7987914584329276
        ]
    ],
    "best_error": 0.050595701692431765
}