{
    "camera_matrix": [
        [
            1112.3583231442678,
            0.0,
            997.9270890348301
        ],
        [
            0.0,
            1113.7699198632863,
            544.3827367771524
        ],
        [
            0.0,
            0.0,
            1.0
        ]
    ],
    "dist_coeffs": [
        [
            -0.42715256935852997,
            0.22305969579524268,
            0.0017148605055528532,
            -0.0003402291438759954,
            -0.06510619058149975
        ]
    ]
}