{
    "camera_matrix": [
        [
            1760.5274658203125,
            0.0,
            1897.0660400390625
        ],
        [
            0.0,
            1810.452880859375,
            1033.3878173828125
        ],
        [
            0.0,
            0.0,
            1.0
        ]
    ],
    "dist_coeffs": [
        -0.1933843195438385,
        0.11635726690292358,
        0.00374586065299809,
        -0.001361137954518199,
        -0.05024978518486023
    ],
    "extrinsics": [
        [
            [
                0.005908993199094548,
                -0.036496817674885336,
                0.999316299326184,
                -0.9600085158729494
            ],
            [
                0.1029092788533355,
                -0.9940056494439998,
                -0.03691136951263897,
                1.1988721877012902
            ],
            [
                0.9946731946349311,
                0.10305702874146098,
                -0.0021177114350618975,
                2.3920873836878767
            ]
        ],
        [
            [
                -0.04601987279868225,
                -0.013787367091999195,
                0.9988453733267543,
                -0.9180048898199348
            ],
            [
                0.0869805402332823,
                -0.9961623673184764,
                -0.009742872224102458,
                1.2141635346152209
            ],
            [
                0.995146500234171,
                0.08643174444102865,
                0.04704249806888672,
                2.4651149401857437
            ]
        ],
        [
            [
                -0.1072460186629065,
                0.015756408239214557,
                0.9941076536675267,
                -0.8870182673077985
            ],
            [
                0.10252002486521736,
                -0.9943692978422677,
                0.02682058929834756,
                1.1410759254000775
            ],
            [
                0.9889327257112038,
                0.10479234279313844,
                0.1050268009097427,
                2.2449366982546293
            ]
        ],
        [
            [
                -0.07649255984522951,
                0.011311340515174025,
                0.9970059888807458,
                -0.9546505843156058
            ],
            [
                0.10275169745090246,
                -0.9945223646104993,
                0.019166506215253183,
                1.254753154739084
            ],
            [
                0.9917615524707953,
                0.1039101528499064,
                0.07491130205400809,
                2.0412034094902953
            ]
        ],
        [
            [
                -0.028606290607110285,
                -0.03278763160963702,
                0.9990528771547242,
                -0.8883245838504621
            ],
            [
                0.101812470492923,
                -0.9943596127884881,
                -0.02971836649709554,
                1.298255075606178
            ],
            [
                0.9943922269355434,
                0.10086590934780064,
                0.03178312982719045,
                2.0875730715380674
            ]
        ],
        [
            [
                -0.04809116914513267,
                -0.012666895678110905,
                0.9987626290586439,
                -0.9155989728077741
            ],
            [
                0.09334002197578528,
                -0.9956010768646228,
                -0.00813240699691243,
                1.290374283428911
            ],
            [
                0.9944721613739694,
                0.09283342878448131,
                0.04906194810953257,
                2.109475270617938
            ]
        ],
        [
            [
                -0.06727543197432362,
                -0.006739202124923786,
                0.9977116815029216,
                -0.9101470258266917
            ],
            [
                0.0854215948704049,
                -0.9963444234839532,
                -0.0009700114562145173,
                1.2578494532474451
            ],
            [
                0.994071007213501,
                0.08516086511507616,
                0.06760517487875606,
                2.2031690349835196
            ]
        ],
        [
            [
                -0.1400933069713005,
                -0.0022467001381613755,
                0.99013575719713,
                -1.4244941487153222
            ],
            [
                0.09921779918808118,
                -0.9949960041125379,
                0.011780497627701315,
                1.2466896105918122
            ],
            [
                0.9851546546944384,
                0.0998894595969558,
                0.13961519328249883,
                2.142029236218478
            ]
        ],
        [
            [
                -0.054828955427069004,
                -0.013987225206836977,
                0.9983977880473243,
                -0.9147065185142534
            ],
            [
                0.08182615675974916,
                -0.996601640128084,
                -0.009468419294793015,
                1.265059939945483
            ],
            [
                0.9951373099812435,
                0.08117591037386816,
                0.05578714778753513,
                2.2347133809929374
            ]
        ],
        [
            [
                -0.013300061477697023,
                -0.03336559778201211,
                0.9993547144279344,
                -0.9002515179820149
            ],
            [
                0.10787972176408495,
                -0.9936571646786284,
                -0.03173963948964775,
                1.263574187261546
            ],
            [
                0.9940749840916394,
                0.10738796937961989,
                0.016815172783195664,
                2.1854351741566416
            ]
        ],
        [
            [
                -0.008900352075624451,
                -0.0428170919905219,
                0.9990432825290431,
                -0.9008933919722825
            ],
            [
                0.10985532660951662,
                -0.99307738108795,
                -0.0415827174077758,
                1.2139786613075683
            ],
            [
                0.9939077376439157,
                0.1093801252740812,
                0.013542423955110516,
                2.2523599101815384
            ]
        ]
    ],
    "reprojection_errors": [
        0.07682056325739885,
        0.8135102354340212,
        0.11254308909579752,
        0.17539695658933718,
        0.1611036631519703,
        0.15192773969933993,
        0.13036928793751482,
        0.12068782569886997,
        1.7210090518118708,
        0.11382299832141692,
        0.09571179620446003
    ],
    "best_extrinsic": [
        [
            0.005908993199094548,
            -0.036496817674885336,
            0.999316299326184,
            -0.9600085158729494
        ],
        [
            0.1029092788533355,
            -0.9940056494439998,
            -0.03691136951263897,
            1.1988721877012902
        ],
        [
            0.9946731946349311,
            0.10305702874146098,
            -0.0021177114350618975,
            2.3920873836878767
        ]
    ],
    "best_error": 0.07682056325739885
}