{
    "camera_matrix": [
        [
            1760.5275086416307,
            0.0,
            1897.0660014760965
        ],
        [
            0.0,
            1810.4528393199614,
            1033.387817325572
        ],
        [
            0.0,
            0.0,
            1.0
        ]
    ],
    "dist_coeffs": [
        [
            -0.1933843255618151,
            0.11635727000655366,
            0.003745860604043116,
            -0.0013611379323136964,
            -0.05024978376845077
        ]
    ]
}