{
    "camera_matrix": [
        [
            959.5588989257812,
            0.0,
            957.7737426757812
        ],
        [
            0.0,
            964.8646850585938,
            599.8594360351562
        ],
        [
            0.0,
            0.0,
            1.0
        ]
    ],
    "dist_coeffs": [
        -0.3681444227695465,
        0.13083143532276154,
        0.004923668690025806,
        0.0013387318467721343,
        -0.011864897795021534
    ],
    "extrinsics": [
        [
            [
                -0.7233940411677555,
                0.00758414124368334,
                -0.6903937586657194,
                0.6045632788505566
            ],
            [
                0.44523831332339825,
                -0.7591253322694019,
                -0.47485953107819745,
                0.7989560080580848
            ],
            [
                -0.5276967931984418,
                -0.6509003078110088,
                0.5457699916078342,
                2.7720143090048053
            ]
        ],
        [
            [
                -0.6829601202501037,
                0.039329911379934857,
                -0.7293960736244819,
                0.6067761012350165
            ],
            [
                0.39505198062536273,
                -0.8200243881970561,
                -0.4141182625362252,
                0.6950803467225585
            ],
            [
                -0.6144098035936131,
                -0.5709756219252188,
                0.5445065953826166,
                2.3484130082453167
            ]
        ],
        [
            [
                -0.760461749495642,
                -0.026111606889580613,
                -0.648857543332642,
                0.5655422416525879
            ],
            [
                0.42750916977887743,
                -0.7722497951624261,
                -0.46996400247951553,
                0.796120858357522
            ],
            [
                -0.48880858964322876,
                -0.6347821971804464,
                0.5984293816598271,
                2.7472762840669374
            ]
        ],
        [
            [
                -0.6774670436514434,
                0.050803440158353974,
                -0.7337965761941453,
                0.5897874062383132
            ],
            [
                0.451456458985587,
                -0.7588847595652638,
                -0.46934101391181116,
                0.7858621823206327
            ],
            [
                -0.5807111764090377,
                -0.6492402730635619,
                0.4911838733366396,
                2.9007885727090446
            ]
        ],
        [
            [
                -0.6849173999497048,
                0.040618322800139134,
                -0.7274876680047845,
                0.5992342631529778
            ],
            [
                0.45080259273910894,
                -0.7607768258418656,
                -0.46690003602663455,
                0.7935832002399885
            ],
            [
                -0.5724204552825073,
                -0.6477412856340711,
                0.5027584402665828,
                2.822095705843152
            ]
        ],
        [
            [
                -0.6896906133867977,
                0.03492797595893371,
                -0.7232612904763773,
                0.6043824942480708
            ],
            [
                0.4481217834699508,
                -0.7639956890629829,
                -0.46421703358761873,
                0.7963094703967539
            ],
            [
                -0.5687826693789579,
                -0.6442752700426968,
                0.5112686685350047,
                2.811100037013628
            ]
        ],
        [
            [
                -0.6523959931439416,
                0.04897520984989892,
                -0.756294186775152,
                0.595620730494969
            ],
            [
                0.4657826224817534,
                -0.7612894570143931,
                -0.4510930183817424,
                0.7746678012795235
            ],
            [
                -0.5978511660302677,
                -0.6465599674112904,
                0.47385038969843707,
                2.864413243572675
            ]
        ],
        [
            [
                -0.649891925676283,
                0.0815345113100539,
                -0.7556405285624928,
                0.5668999800430898
            ],
            [
                0.4568876457005547,
                -0.7526151123433839,
                -0.474156273688918,
                0.7914655577348303
            ],
            [
                -0.6073665813550966,
                -0.6533931558700217,
                0.4518663737381181,
                2.875534508555104
            ]
        ],
        [
            [
                -0.6481622707126129,
                0.08111835519810623,
                -0.7571693887596246,
                0.5962598906076956
            ],
            [
                0.4691148444443652,
                -0.740699549180053,
                -0.48093184607219086,
                0.7972564756913131
            ],
            [
                -0.5998474252229552,
                -0.6669212774341663,
                0.44203967713200976,
                2.837163638003721
            ]
        ],
        [
            [
                -0.673179584875933,
                0.056801261831140065,
                -0.7372942853166955,
                0.59336326455605
            ],
            [
                0.46512407441775594,
                -0.7425933319495004,
                -0.48188664511601165,
                0.7995873087903629
            ],
            [
                -0.5748815894628148,
                -0.6673295737478816,
                0.47347903659843127,
                2.7844367555695384
            ]
        ],
        [
            [
                -0.6874650365805655,
                0.03060166525485264,
                -0.7255724371576635,
                0.6106586087372299
            ],
            [
                0.46579005034332893,
                -0.7479516265829874,
                -0.47287206863275655,
                0.7953200504278355
            ],
            [
                -0.5571637573285262,
                -0.6630474359919456,
                0.49993664112971903,
                2.763431070533899
            ]
        ]
    ],
    "reprojection_errors": [
        0.05690509363957149,
        0.7102865032786805,
        0.06680759710630542,
        0.08136608326040945,
        0.08815380957452362,
        0.0704925915538028,
        0.08304801445159399,
        0.07513760771376383,
        0.05782968456905046,
        0.059384051358944256,
        0.05933288446836208
    ],
    "best_extrinsic": [
        [
            -0.7233940411677555,
            0.00758414124368334,
            -0.6903937586657194,
            0.6045632788505566
        ],
        [
            0.44523831332339825,
            -0.7591253322694019,
            -0.47485953107819745,
            0.7989560080580848
        ],
        [
            -0.5276967931984418,
            -0.6509003078110088,
            0.5457699916078342,
            2.7720143090048053
        ]
    ],
    "best_error": 0.05690509363957149
}