{
    "camera_matrix": [
        [
            959.5589093693898,
            0.0,
            957.7737716106012
        ],
        [
            0.0,
            964.8646707825807,
            599.8594365427476
        ],
        [
            0.0,
            0.0,
            1.0
        ]
    ],
    "dist_coeffs": [
        [
            -0.3681444213440978,
            0.13083144222101556,
            0.004923668914788159,
            0.0013387318969953833,
            -0.011864897460802257
        ]
    ]
}