{
    "camera_matrix": [
        [
            2071.550537109375,
            0.0,
            1920.0675048828125
        ],
        [
            0.0,
            2363.52490234375,
            1048.3670654296875
        ],
        [
            0.0,
            0.0,
            1.0
        ]
    ],
    "dist_coeffs": [
        -0.26035699248313904,
        0.27511847019195557,
        0.009162608534097672,
        -0.008822455070912838,
        -0.16452723741531372
    ],
    "extrinsics": [
        [
            [
                0.9959547854364644,
                0.024090356994782,
                0.08656627557004791,
                -0.11586869056018355
            ],
            [
                0.03270941698921207,
                -0.9944927780106759,
                -0.09957011863422739,
                1.1867267744458607
            ],
            [
                0.08369085616978332,
                0.10199886854505903,
                -0.9912578228740978,
                3.216996357884726
            ]
        ],
        [
            [
                0.9979207055303498,
                0.0012702556701235722,
                0.06444107327117238,
                -0.004973030828925768
            ],
            [
                0.007487306590519476,
                -0.9953215656119904,
                -0.09632715747760856,
                0.808175198391753
            ],
            [
                0.06401722982000746,
                0.09660935502439169,
                -0.9932615097787407,
                4.0190559047696635
            ]
        ],
        [
            [
                0.9994462187691554,
                -0.03013913922240709,
                0.014102768344227313,
                0.007110372393385152
            ],
            [
                -0.028702753280133112,
                -0.9952653751848134,
                -0.09286002860419787,
                0.7960775427708331
            ],
            [
                0.016834718357560532,
                0.09240381618290991,
                -0.9955792921775024,
                4.0668953591419985
            ]
        ],
        [
            [
                0.9967705432033376,
                -0.06923330058752902,
                -0.04068457068568796,
                0.044441582693768314
            ],
            [
                -0.07265729623448194,
                -0.9933078118208689,
                -0.08978033347861884,
                0.742073576753366
            ],
            [
                -0.034196513068098365,
                0.0924464226749425,
                -0.9951302715868858,
                3.9250193098051156
            ]
        ],
        [
            [
                0.9990729191395535,
                -0.015521018240086169,
                0.04015470376881971,
                0.005765274863556591
            ],
            [
                -0.011685155081543044,
                -0.9954982512007206,
                -0.09405683923579049,
                1.211785454507095
            ],
            [
                0.04143379529672656,
                0.09350042699954884,
                -0.9947567093305835,
                3.2433524667330373
            ]
        ],
        [
            [
                0.9995150931388022,
                -0.03073421441394334,
                0.0049986650307610805,
                0.07972830506235745
            ],
            [
                -0.030185038106713885,
                -0.9957698009069659,
                -0.08678344932184784,
                1.1910947022994571
            ],
            [
                0.007644740821520831,
                0.08659048253739701,
                -0.9962146587315971,
                3.246598852940525
            ]
        ],
        [
            [
                0.9928423431337947,
                -0.09492800394232068,
                -0.07247589770483737,
                0.286907364518386
            ],
            [
                -0.09990288189399343,
                -0.9926425241528236,
                -0.06841223160214702,
                1.0532108710655015
            ],
            [
                -0.06544842144674004,
                0.07516311137145504,
                -0.9950211107404165,
                3.2023769590020192
            ]
        ],
        [
            [
                0.9984548756858153,
                -0.05032143404037826,
                -0.02357147630809319,
                0.09061626951878837
            ],
            [
                -0.052263664764811875,
                -0.9945058495059689,
                -0.09070074224482709,
                0.9719019658080926
            ],
            [
                -0.018877779651603623,
                0.09179253005844788,
                -0.9955991968964691,
                3.5878286615056645
            ]
        ],
        [
            [
                0.9995399399792269,
                -0.025295728916899757,
                0.01673423093201204,
                0.02922946966283952
            ],
            [
                -0.023693418143232985,
                -0.9956725051314033,
                -0.08986036090538331,
                0.9989162690290888
            ],
            [
                0.018934896963361196,
                0.08942252861510093,
                -0.9958137783004755,
                3.6579890956299668
            ]
        ],
        [
            [
                0.9979144117131202,
                0.0017088266272433802,
                0.06452834111315991,
                -0.02973085107590661
            ],
            [
                0.008223761043047496,
                -0.994869432722279,
                -0.10083244313789934,
                0.9897537829540068
            ],
            [
                0.06402496895403506,
                0.10115281383337228,
                -0.9928085976682646,
                3.651869013947243
            ]
        ],
        [
            [
                0.9932098757392418,
                0.04178856043016247,
                0.10857190682315053,
                -0.1236365034344232
            ],
            [
                0.05379958178891151,
                -0.9924560384220782,
                -0.11016631426571669,
                0.9496042557813091
            ],
            [
                0.1031491528485738,
                0.11525939448361289,
                -0.9879653456725557,
                3.499291945326595
            ]
        ],
        [
            [
                0.9859146165600404,
                0.05296291139623327,
                0.15864204634869875,
                -0.04552291650517318
            ],
            [
                0.06978597638804186,
                -0.9922901006904727,
                -0.10242203655102255,
                0.7291449550890385
            ],
            [
                0.15199436289821935,
                0.1120503729941408,
                -0.9820093826227111,
                3.776672739821027
            ]
        ]
    ],
    "reprojection_errors": [
        0.24586792484561612,
        0.09077295540756587,
        0.08774898886399107,
        0.09706644804328042,
        0.23603536651444945,
        0.2265828958492,
        0.31529487795199657,
        0.13411571127777358,
        0.12142357124694625,
        0.12014502654172861,
        0.12857411338389055,
        0.10856744286508697
    ],
    "best_extrinsic": [
        [
            0.9994462187691554,
            -0.03013913922240709,
            0.014102768344227313,
            0.007110372393385152
        ],
        [
            -0.028702753280133112,
            -0.9952653751848134,
            -0.09286002860419787,
            0.7960775427708331
        ],
        [
            0.016834718357560532,
            0.09240381618290991,
            -0.9955792921775024,
            4.0668953591419985
        ]
    ],
    "best_error": 0.08774898886399107
}