{
    "camera_matrix": [
        [
            2071.550534796921,
            0.0,
            1920.0674448354532
        ],
        [
            0.0,
            2363.5249129620847,
            1048.3670284801226
        ],
        [
            0.0,
            0.0,
            1.0
        ]
    ],
    "dist_coeffs": [
        [
            -0.26035699730240003,
            0.2751184716236684,
            0.009162608092986775,
            -0.008822454753557842,
            -0.16452723826447682
        ]
    ]
}