{
    "ret": 0.7783010078064313,
    "mtx": [
        [
            1112.3583204903152,
            0.0,
            997.9270814766058
        ],
        [
            0.0,
            1113.7699122064623,
            544.3827633351381
        ],
        [
            0.0,
            0.0,
            1.0
        ]
    ],
    "dist": [
        [
            -0.4271525642025255,
            0.22305966927928744,
            0.0017148576884110766,
            -0.0003402281805248362,
            -0.06510616799200525
        ]
    ],
    "rvecs": [
        [
            0.07679893309043159,
            -0.008323430048034543,
            0.08108385823317717
        ],
        [
            0.15464608555492645,
            -0.614398321417712,
            -0.061422981538110155
        ],
        [
            0.1535221044116264,
            0.4839322674305587,
            0.26569307477906945
        ],
        [
            -0.16459305748733338,
            0.3275213139679719,
            0.2803566821657457
        ],
        [
            0.2040893815038621,
            0.12620948570578203,
            0.1318660360844491
        ],
        [
            0.9316751139765671,
            0.10280107005065656,
            0.1235053591446678
        ],
        [
            0.8119747257527118,
            0.11182834511141533,
            0.11409669014838647
        ],
        [
            -0.19450532281200428,
            0.1256076043662389,
            0.0741210884534607
        ],
        [
            0.4401748962809265,
            0.08565510860951597,
            0.17146510422993383
        ],
        [
            0.3907537832101787,
            0.7314994485043218,
            0.297282119202525
        ],
        [
            0.46910077401607586,
            -0.7477493633297071,
            -0.19451671287846195
        ]
    ],
    "tvecs": [
        [
            -95.59907652444737,
            -51.57698418680891,
            665.3503561659383
        ],
        [
            -404.9726284792753,
            -3.5564522080739196,
            593.0588574299643
        ],
        [
            66.18849824433038,
            -145.86719374798696,
            741.1813033356945
        ],
        [
            3.012706514922967,
            -154.5720573175446,
            783.398307982947
        ],
        [
            -70.92301161736113,
            -123.02410808889678,
            631.5213612441532
        ],
        [
            -21.383184083771752,
            45.57037356247323,
            529.1420050913216
        ],
        [
            -25.101210478918297,
            -106.45041681218406,
            556.0554448282505
        ],
        [
            -33.61690456502891,
            -266.1754901139344,
            798.0066992225858
        ],
        [
            -106.58585236626232,
            -85.44030067558933,
            433.37398307161436
        ],
        [
            462.5686543268886,
            -82.4276350541066,
            896.587686795156
        ],
        [
            -831.6439337232899,
            -125.34366410360897,
            872.8161236678066
        ]
    ]
}