{
    "camera_matrix": [
        [
            1956.5822295700134,
            0.0,
            1059.1656780824705
        ],
        [
            0.0,
            2314.4863652507156,
            457.26082906578296
        ],
        [
            0.0,
            0.0,
            1.0
        ]
    ],
    "dist_coeffs": [
        [
            -12.809110649320864,
            128.12581746256882,
            0.08255789826274955,
            -0.13443431758684898,
            -381.211014787999
        ]
    ],
    "extrinsics": [
        [
            [
                0.9910058719482746,
                0.12859535420274681,
                0.037021569949287694,
                0.10280387144517429
            ],
            [
                -0.05025799463625505,
                0.10126120680989746,
                0.9935896043993945,
                -0.707055715814574
            ],
            [
                0.12402215825884531,
                -0.9865137621305001,
                0.10681339517094596,
                -0.9853427041416671
            ]
        ],
        [
            [
                -0.20036732481030367,
                0.5664670284497858,
                -0.7993547653123934,
                1.1240059525739148
            ],
            [
                0.08004196342010225,
                0.822637908178923,
                0.5629033275073616,
                -1.5121193898216894
            ],
            [
                0.9764457072670334,
                0.04880550897464919,
                -0.21017089011922693,
                -4.119395734460454
            ]
        ],
        [
            [
                0.9998791797171163,
                -0.014728840134911237,
                -0.0049686252129668585,
                0.32783953019724243
            ],
            [
                0.014667916995203088,
                0.9998194114181275,
                -0.012082912005431658,
                -1.2784642343688624
            ],
            [
                0.0051456952152779505,
                0.012008572762381051,
                0.9999146543585418,
                -3.04835969408182
            ]
        ]
    ]
}