{
    "camera_matrix": [
        [
            1112.3582763671875,
            0.0,
            997.9270629882812
        ],
        [
            0.0,
            1113.7698974609375,
            544.3827514648438
        ],
        [
            0.0,
            0.0,
            1.0
        ]
    ],
    "dist_coeffs": [
        -0.4271525740623474,
        0.22305969893932343,
        0.0017148605547845364,
        -0.00034022913314402103,
        -0.06510619074106216
    ],
    "extrinsics": [
        [
            [
                -0.38297923904836384,
                0.4323605046796817,
                -0.8163279343811943,
                -0.2604466421691916
            ],
            [
                0.7207223246260064,
                -0.4129214631917164,
                -0.5568260015671841,
                1.6816599410080673
            ],
            [
                -0.5778288961653112,
                -0.8015985648869034,
                -0.15347152024931265,
                0.07225192195271275
            ]
        ],
        [
            [
                0.9952122557771662,
                0.09414681589544155,
                0.026247723857016,
                1.413870057644456
            ],
            [
                -0.09174824078683805,
                0.9924727079969099,
                -0.08111833451076866,
                -0.4089950967450289
            ],
            [
                -0.033687182480057906,
                0.0783217781848089,
                0.9963588072569665,
                -2.7543260977612096
            ]
        ],
        [
            [
                -0.9259550049386973,
                0.15986057293519207,
                -0.3421285227071971,
                -14.57443445667897
            ],
            [
                -0.0535705956587604,
                -0.9524225094862975,
                -0.3000359223569555,
                -3.8423578335988733
            ],
            [
                -0.3738148206127501,
                -0.259491735214545,
                0.8904642155895995,
                -8.554234252798992
            ]
        ]
    ],
    "reprojection_errors": [
        59.82803229200608,
        2.169736659727426,
        6.9139059018029165
    ],
    "best_extrinsic": [
        [
            0.9952122557771662,
            0.09414681589544155,
            0.026247723857016,
            1.413870057644456
        ],
        [
            -0.09174824078683805,
            0.9924727079969099,
            -0.08111833451076866,
            -0.4089950967450289
        ],
        [
            -0.033687182480057906,
            0.0783217781848089,
            0.9963588072569665,
            -2.7543260977612096
        ]
    ],
    "best_error": 2.169736659727426
}