{
    "camera_matrix": [
        [
            1112.3582763671875,
            0.0,
            997.9270629882812
        ],
        [
            0.0,
            1113.7698974609375,
            544.3827514648438
        ],
        [
            0.0,
            0.0,
            1.0
        ]
    ],
    "dist_coeffs": [
        -0.4271525740623474,
        0.22305966913700104,
        0.0017148576444014907,
        -0.00034022817271761596,
        -0.06510616838932037
    ],
    "extrinsics": [
        [
            [
                -0.8277515608168713,
                0.3693348251599108,
                0.4223968992420891,
                -8328.356829926797
            ],
            [
                -0.10468937237128517,
                0.6379288240636588,
                -0.7629462305701914,
                -10871.651839297901
            ],
            [
                -0.5512417698956964,
                -0.6757503994470558,
                -0.48938114876791555,
                34950.67997362818
            ]
        ],
        [
            [
                0.26020808629372283,
                0.5665389230335354,
                0.781873007920954,
                3.4374363257503178
            ],
            [
                -0.7979450115644007,
                0.5821259721737118,
                -0.1562469552992932,
                1.4255180193174888
            ],
            [
                -0.5436685666349,
                -0.5832349451197285,
                0.603540792692872,
                -2.959551104771602
            ]
        ],
        [
            [
                -0.9259287268888414,
                0.16021312200767968,
                -0.3420347179140761,
                -14.58202110487508
            ],
            [
                -0.05399273839870493,
                -0.9524222375056257,
                -0.2999611069872,
                -3.8448879733088144
            ],
            [
                -0.37381917677162885,
                -0.2592752148612161,
                0.8905254550188061,
                -8.5586568202846
            ]
        ]
    ],
    "reprojection_errors": [
        59.75228474214705,
        106.22867862212281,
        24.36305458475215
    ],
    "best_extrinsic": [
        [
            -0.9259287268888414,
            0.16021312200767968,
            -0.3420347179140761,
            -14.58202110487508
        ],
        [
            -0.05399273839870493,
            -0.9524222375056257,
            -0.2999611069872,
            -3.8448879733088144
        ],
        [
            -0.37381917677162885,
            -0.2592752148612161,
            0.8905254550188061,
            -8.5586568202846
        ]
    ],
    "best_error": 24.36305458475215
}