{
    "camera_matrix": [
        [
            1112.3582763671875,
            0.0,
            997.9270629882812
        ],
        [
            0.0,
            1113.7698974609375,
            544.3827514648438
        ],
        [
            0.0,
            0.0,
            1.0
        ]
    ],
    "dist_coeffs": [
        [
            -0.4271525740623474,
            0.22305966913700104,
            0.0017148576444014907,
            -0.00034022817271761596,
            -0.06510616838932037
        ]
    ],
    "extrinsics": [
        [
            [
                -0.9259289200756604,
                0.16021052126405125,
                -0.34203541314288244,
                -14.581965670783761
            ],
            [
                -0.053989637607423174,
                -0.9524222501549862,
                -0.29996162494681233,
                -3.844869535863572
            ],
            [
                -0.3738191461101751,
                -0.25927677544665273,
                0.8905250135259789,
                -8.558624563138041
            ]
        ],
        [
            [
                0.17638192428516095,
                0.6238018232940469,
                0.7614201875708881,
                3.3995496499952274
            ],
            [
                -0.7776338871133422,
                0.5625560089676945,
                -0.28074236300803057,
                1.4742225441092358
            ],
            [
                -0.6034690997876009,
                -0.5425882619716003,
                0.584314148016442,
                -2.9658030637858808
            ]
        ],
        [
            [
                -0.6165046351662999,
                0.7174212406978075,
                0.3243898861155906,
                -28.84379065592889
            ],
            [
                -0.6695501738743559,
                -0.26092113472906797,
                -0.6954298858379006,
                -10.681402248464444
            ],
            [
                -0.4142759943362483,
                -0.6459310527040126,
                0.6412086054236942,
                60.81851933306092
            ]
        ]
    ],
    "reprojection_errors": [
        6.9109944190981984,
        3.1560614085361567,
        12.87118739065569
    ],
    "best_extrinsic": [
        [
            0.17638192428516095,
            0.6238018232940469,
            0.7614201875708881,
            3.3995496499952274
        ],
        [
            -0.7776338871133422,
            0.5625560089676945,
            -0.28074236300803057,
            1.4742225441092358
        ],
        [
            -0.6034690997876009,
            -0.5425882619716003,
            0.584314148016442,
            -2.9658030637858808
        ]
    ],
    "best_error": 3.1560614085361567
}