{
    "camera_matrix": [
        [
            1112.3582763671875,
            0.0,
            997.9270629882812
        ],
        [
            0.0,
            1113.7698974609375,
            544.3827514648438
        ],
        [
            0.0,
            0.0,
            1.0
        ]
    ],
    "dist_coeffs": [
        -0.4271525740623474,
        0.22305966913700104,
        0.0017148576444014907,
        -0.00034022817271761596,
        -0.06510616838932037
    ],
    "extrinsics": [
        [
            [
                -0.6762766051903931,
                0.7082187929100067,
                -0.20267238253213066,
                -7.623528629585169
            ],
            [
                -0.6565793325204,
                -0.7042508322186113,
                -0.2700635951520668,
                0.3133399295792055
            ],
            [
                -0.3339963074335152,
                -0.04956719367168699,
                0.9412701843425674,
                -4.316312290381131
            ]
        ],
        [
            [
                0.10616677086191306,
                -0.974701104163468,
                0.1966885210358511,
                39.62138379541278
            ],
            [
                -0.565933971953669,
                -0.22187400599433027,
                -0.7940344229646293,
                -24.809998626997704
            ],
            [
                0.8175862989027507,
                -0.027012645308154948,
                -0.575172114101473,
                -29.083386953658106
            ]
        ],
        [
            [
                -0.9881882300472028,
                0.14237193122608932,
                0.05669440179709407,
                12.95215105155646
            ],
            [
                -0.15145846819839776,
                -0.8510455451731507,
                -0.5027741167283075,
                0.05465734821470354
            ],
            [
                -0.023331403883426825,
                -0.5054223117749044,
                0.8625566255921637,
                -7.903216849871555
            ]
        ]
    ]
}