{
    "camera_matrix": [
        [
            1112.358154296875,
            0.0,
            997.9274291992188
        ],
        [
            0.0,
            1113.769775390625,
            544.3837890625
        ],
        [
            0.0,
            0.0,
            1.0
        ]
    ],
    "dist_coeffs": [
        -0.4271526038646698,
        0.2230600267648697,
        0.0017147649778053164,
        -0.00034025803324766457,
        -0.06510645896196365
    ],
    "extrinsics": [
        [
            [
                0.9914697762789432,
                0.07151937061344696,
                0.10896174719798335,
                -0.4211584409659741
            ],
            [
                0.07117727170174412,
                -0.997438902271863,
                0.007030805629293497,
                0.846634216755354
            ],
            [
                0.10918552430829331,
                0.0007847686010712591,
                -0.9940210789614905,
                3.7987917883018545
            ]
        ],
        [
            [
                0.989057294626071,
                -0.14101490340262665,
                0.04336432825844419,
                -0.9892219956173327
            ],
            [
                -0.1409833222060395,
                -0.9900046741466799,
                -0.0038010560998327607,
                1.2986206955280812
            ],
            [
                0.04346689322583659,
                -0.0023541848002861868,
                -0.9990520942409459,
                2.5812846688660604
            ]
        ],
        [
            [
                0.9940108113734258,
                0.026658538741158085,
                0.10598032451794727,
                -1.1862902941357765
            ],
            [
                0.027984847983431028,
                -0.9995473029124345,
                -0.011047059510209203,
                0.9651769305494058
            ],
            [
                0.10563784906976996,
                0.013946739857903016,
                -0.9943068607282405,
                3.40870761257269
            ]
        ],
        [
            [
                0.996157960330233,
                -0.05576180600163908,
                0.06752732085715539,
                -1.3399771894680075
            ],
            [
                -0.05655509092624974,
                -0.9983504748001859,
                0.009891974351308709,
                0.8883672660459626
            ],
            [
                0.06686433848497471,
                -0.01367298276452113,
                -0.9976683866803077,
                3.738252674944556
            ]
        ],
        [
            [
                0.9888005263917082,
                0.09198965942696163,
                0.11752200460336075,
                0.7355941454209745
            ],
            [
                0.0908568337059403,
                -0.9957514111258408,
                0.014972074332831594,
                0.8552968602852958
            ],
            [
                0.11839997794092637,
                -0.004126717752443366,
                -0.9929574086657392,
                3.9652037384375243
            ]
        ],
        [
            [
                0.23513015727945585,
                -0.25057580505274063,
                0.9391089260889337,
                0.09774466386635203
            ],
            [
                -0.05446205941107195,
                -0.9680759372738892,
                -0.24466888595811687,
                0.9901948266137365
            ],
            [
                0.9704368568961322,
                0.006383227510597667,
                -0.24127072177142495,
                4.059272086963316
            ]
        ],
        [
            [
                0.9452687018157686,
                -0.2002112031688758,
                -0.2576481234032217,
                -1.4364545280352772
            ],
            [
                -0.24382155910942588,
                -0.9581516407712063,
                -0.1499882682108636,
                1.4594683246467468
            ],
            [
                -0.216836640540706,
                0.20459938272906972,
                -0.9545265653222565,
                2.618808272032332
            ]
        ],
        [
            [
                0.9965861685529422,
                -0.02947149949287461,
                0.07711964319554648,
                -0.162553169802039
            ],
            [
                -0.028634953803642043,
                -0.9995187291541309,
                -0.01193103058308318,
                1.1543198127344343
            ],
            [
                0.07743415312141144,
                0.009681982635425008,
                -0.9969504557111236,
                2.876821399705171
            ]
        ],
        [
            [
                -0.15700290659023886,
                -0.16283632719643532,
                0.9740813199458204,
                0.2764770852866625
            ],
            [
                0.02558478849382366,
                -0.9866530412766273,
                -0.1608141621167367,
                1.260347911260225
            ],
            [
                0.9872666842955568,
                -0.0003266263266031022,
                0.15907352826696075,
                3.3061306113820144
            ]
        ],
        [
            [
                0.9918570417052209,
                0.06801291201405556,
                0.10767475386151068,
                0.06388769585653904
            ],
            [
                0.06864132279207473,
                -0.9976391153795013,
                -0.0021364152593281,
                1.0253870656090658
            ],
            [
                0.10727524236804489,
                0.00950995605533621,
                -0.9941838779173111,
                3.3285780765796296
            ]
        ],
        [
            [
                0.8836442237558743,
                -0.06916349641722691,
                -0.46302191804084475,
                -1.4960967702944028
            ],
            [
                -0.1305742790231447,
                -0.9861900130562182,
                -0.10188039951709078,
                1.113095670980999
            ],
            [
                -0.4495811867510299,
                0.15048477966731494,
                -0.8804720822422567,
                3.852673787448245
            ]
        ],
        [
            [
                0.9922697601550704,
                0.05923647384847048,
                0.10904936151944578,
                0.922070466357048
            ],
            [
                0.06129151916758987,
                -0.9979981831489381,
                -0.015587690962666087,
                1.3075701763566745
            ],
            [
                0.1079077048218906,
                0.022150995404678582,
                -0.9939141113006967,
                2.5624521284086095
            ]
        ]
    ],
    "reprojection_errors": [
        0.050595701692431765,
        0.06268684132986936,
        0.06491099252454864,
        0.05560697445019135,
        0.060654543268136185,
        7.423147256200483,
        3.7448959247934446,
        0.06208032821572194,
        8.674301862037337,
        0.057754967484925146,
        4.298845983985083,
        0.1955308033142368
    ],
    "best_extrinsic": [
        [
            0.9914697762789432,
            0.07151937061344696,
            0.10896174719798335,
            -0.4211584409659741
        ],
        [
            0.07117727170174412,
            -0.997438902271863,
            0.007030805629293497,
            0.846634216755354
        ],
        [
            0.10918552430829331,
            0.0007847686010712591,
            -0.9940210789614905,
            3.7987917883018545
        ]
    ],
    "best_error": 0.050595701692431765
}