{
    "camera_matrix": [
        [
            1112.358323133315,
            0.0,
            997.9270890672417
        ],
        [
            0.0,
            1113.7699198535095,
            544.3827367648489
        ],
        [
            0.0,
            0.0,
            1.0
        ]
    ],
    "dist_coeffs": [
        [
            -0.42715256935559126,
            0.22305969579376114,
            0.0017148605076701595,
            -0.0003402291464181304,
            -0.06510619058127112
        ]
    ]
}