{
    "camera_matrix": [
        [
            1112.3583204903152,
            0.0,
            997.9270814766058
        ],
        [
            0.0,
            1113.7699122064623,
            544.3827633351381
        ],
        [
            0.0,
            0.0,
            1.0
        ]
    ],
    "dist_coeffs": [
        [
            -0.4271525642025255,
            0.22305966927928744,
            0.0017148576884110766,
            -0.0003402281805248362,
            -0.06510616799200525
        ]
    ]
}