{
    "camera_matrix": [
        [
            1370.9788818359375,
            0.0,
            997.0164184570312
        ],
        [
            0.0,
            1366.5142822265625,
            561.9901123046875
        ],
        [
            0.0,
            0.0,
            1.0
        ]
    ],
    "dist_coeffs": [
        [
            -0.6201583743095398,
            0.903679609298706,
            0.0052463216707110405,
            -0.00414800550788641,
            -1.258887767791748
        ]
    ],
    "extrinsics": [
        [
            [
                -0.7847220821180152,
                0.10065580770693379,
                -0.6116205214111374,
                0.5454104374609542
            ],
            [
                0.083803252982097,
                -0.9604388010402611,
                -0.2655829893761352,
                1.0488448219194435
            ],
            [
                -0.6141565505846092,
                -0.2596646256832271,
                0.7452422515818617,
                3.0584825988032325
            ]
        ],
        [
            [
                -0.7822477934152793,
                0.11128191182617264,
                -0.6129475718177195,
                0.5283259103978912
            ],
            [
                0.08156721822416862,
                -0.9571496862830176,
                -0.277869154386542,
                1.0526756152778156
            ],
            [
                -0.617604386810924,
                -0.26735896122747227,
                0.7396512740766892,
                3.1126186909014253
            ]
        ],
        [
            [
                -0.7674248266896065,
                0.11402621529643228,
                -0.6309177106450562,
                0.5243345184797967
            ],
            [
                0.09505454625599577,
                -0.9529471984036998,
                -0.2878476511813261,
                1.0454093455963143
            ],
            [
                -0.6340534430286567,
                -0.280873030531077,
                0.7204766284230149,
                3.1890999389136665
            ]
        ],
        [
            [
                -0.7596552718023415,
                0.1193017751092095,
                -0.6392894137076744,
                0.5213956047767803
            ],
            [
                0.09297754446838807,
                -0.9530063308272242,
                -0.2883298625322399,
                1.0509546325579033
            ],
            [
                -0.6436451229113288,
                -0.2784708599818355,
                0.712863897173533,
                3.2410024985955452
            ]
        ],
        [
            [
                -0.7720645771356222,
                0.11378096480700566,
                -0.62527608364624,
                0.5172852201687871
            ],
            [
                0.08440059376608246,
                -0.9567736683829663,
                -0.2783176014213515,
                1.0494069315385786
            ],
            [
                -0.6299149375148406,
                -0.2676528339782496,
                0.7290878767056038,
                3.277760830015213
            ]
        ],
        [
            [
                -0.7645361268295463,
                0.11346306300637038,
                -0.6345160708017477,
                0.5267977388877261
            ],
            [
                0.10255822922679014,
                -0.9504329893410397,
                -0.29352843540297807,
                1.0643526002986394
            ],
            [
                -0.6363696413173252,
                -0.28948793775469733,
                0.7150037856572444,
                3.3923187074648804
            ]
        ],
        [
            [
                -0.754019078346615,
                0.1210171744663979,
                -0.6456082968592416,
                0.5295019384644765
            ],
            [
                0.08713691457646985,
                -0.9557660510980143,
                -0.2809242134217004,
                1.0514478757596808
            ],
            [
                -0.6510471469927614,
                -0.2680785315027622,
                0.7101207737701443,
                3.34177788142972
            ]
        ],
        [
            [
                -0.7631590488852098,
                0.11721448605353244,
                -0.6354911725302156,
                0.5202522509604506
            ],
            [
                0.0810782119820824,
                -0.9582724808175331,
                -0.2741170845635113,
                1.0465526325322971
            ],
            [
                -0.6411041956237772,
                -0.26071942153782285,
                0.7218107740859598,
                3.2917080901572775
            ]
        ],
        [
            [
                -0.7790387170853285,
                0.10955544100589322,
                -0.6173299625225152,
                0.5188902713602775
            ],
            [
                0.0829090155897244,
                -0.9579677243433206,
                -0.27463418259645445,
                1.047022534384674
            ],
            [
                -0.6214698483562887,
                -0.2651328807645029,
                0.7372108132152756,
                3.227514810239596
            ]
        ],
        [
            [
                -0.7777485437094811,
                0.10937987939351983,
                -0.6189856579450289,
                0.5240142530158793
            ],
            [
                0.08142540687015563,
                -0.9589146746456433,
                -0.2717582562964183,
                1.0470776534343882
            ],
            [
                -0.6232793160965723,
                -0.26176074712053227,
                0.7368881905642742,
                3.1782199739574315
            ]
        ],
        [
            [
                -0.7853749430480265,
                0.10064509058761827,
                -0.6107837297873278,
                0.5315979736015143
            ],
            [
                0.07552404350224569,
                -0.9637436992632807,
                -0.25591834827420645,
                1.0424455276306455
            ],
            [
                -0.6143958965401544,
                -0.2471207151797219,
                0.7492990287219666,
                3.126457825291487
            ]
        ],
        [
            [
                -0.7983049191773657,
                0.09265053622373247,
                -0.5950841403992165,
                0.5369263655692678
            ],
            [
                0.07649270280550156,
                -0.9644952185651301,
                -0.2527802203150221,
                1.0391185359239854
            ],
            [
                -0.5973760310179249,
                -0.24731528764404506,
                0.7628741875714593,
                3.083237168378758
            ]
        ]
    ],
    "reprojection_errors": [
        0.07244334175850038,
        0.06348527110278837,
        0.06445153935834355,
        0.053088181968733356,
        0.05722239205309423,
        0.046720801631512675,
        0.05442830704342494,
        0.0704174137640426,
        0.061254793246563875,
        0.07229715199213355,
        0.060196007303587755,
        0.05964358624092244
    ],
    "best_extrinsic": [
        [
            -0.7645361268295463,
            0.11346306300637038,
            -0.6345160708017477,
            0.5267977388877261
        ],
        [
            0.10255822922679014,
            -0.9504329893410397,
            -0.29352843540297807,
            1.0643526002986394
        ],
        [
            -0.6363696413173252,
            -0.28948793775469733,
            0.7150037856572444,
            3.3923187074648804
        ]
    ],
    "best_error": 0.046720801631512675
}