{
    "camera_matrix": [
        [
            1276.0725858282485,
            0.0,
            1050.7573104805213
        ],
        [
            0.0,
            1274.99948447159,
            662.4225632255328
        ],
        [
            0.0,
            0.0,
            1.0
        ]
    ],
    "dist_coeffs": [
        -0.5553980694495375,
        0.4297943481956137,
        -0.01082007371208819,
        -0.015074126605599526,
        -0.198710268762303
    ],
    "extrinsics": [
        [
            [
                -0.7534347920522203,
                0.12042104164560483,
                -0.6464014130973224,
                0.41039726911572383
            ],
            [
                0.12749873828974528,
                -0.9376702743278309,
                -0.3232932544556002,
                0.821813309566951
            ],
            [
                -0.6450427008034048,
                -0.32599575054125773,
                0.6911198772783864,
                2.9973147532942552
            ]
        ],
        [
            [
                -0.7610494121371486,
                0.12191786446426212,
                -0.6371340727116814,
                0.4062015908602981
            ],
            [
                0.1287202020049391,
                -0.934266999812689,
                -0.33253012293144885,
                0.8200072036981049
            ],
            [
                -0.6357947010486231,
                -0.3350838811185501,
                0.6953300588447333,
                3.0170321563213127
            ]
        ],
        [
            [
                -0.7569851328477084,
                0.11722270637022061,
                -0.6428315065075594,
                0.4056973472456066
            ],
            [
                0.14824325331871716,
                -0.927316747983205,
                -0.34366784364460945,
                0.8046615065157599
            ],
            [
                -0.6363940968401733,
                -0.35544688213725284,
                0.684587516308825,
                3.077885060554401
            ]
        ],
        [
            [
                -0.7555572132439771,
                0.11594563637070293,
                -0.6447401855953979,
                0.39994969010019055
            ],
            [
                0.1626532707654194,
                -0.9201868604239964,
                -0.35608995410196526,
                0.8042322196398212
            ],
            [
                -0.6345685235057806,
                -0.37391543336645156,
                0.676394882939006,
                3.1439985659285674
            ]
        ],
        [
            [
                -0.7610993728395663,
                0.11587330500577585,
                -0.6382014743403976,
                0.38502371716689543
            ],
            [
                0.14191294074309438,
                -0.9303293985575891,
                -0.3381537038524364,
                0.8067286272313561
            ],
            [
                -0.6329205810469951,
                -0.3479376199356901,
                0.6916292003094008,
                3.1363245705373
            ]
        ],
        [
            [
                -0.7623507910954965,
                0.10827039039680537,
                -0.6380429404667007,
                0.381023949824435
            ],
            [
                0.175673025261253,
                -0.9142665539438116,
                -0.3650419928381754,
                0.8240405649032768
            ],
            [
                -0.6228645595244842,
                -0.3903769856216305,
                0.6779716436439944,
                3.2674791542854345
            ]
        ],
        [
            [
                -0.7324101889486734,
                0.1291356621737662,
                -0.66850526989629,
                0.39606189453130597
            ],
            [
                0.15523453881146376,
                -0.9243174714200895,
                -0.34862508513812424,
                0.810948917110151
            ],
            [
                -0.6629310319212404,
                -0.3591116717436446,
                0.6569332189296905,
                3.217019043126205
            ]
        ],
        [
            [
                -0.7387000847818822,
                0.1289896671189548,
                -0.6615767910981925,
                0.38770950597519527
            ],
            [
                0.1424499890380367,
                -0.9294723047012297,
                -0.3402781735822146,
                0.8060772161822257
            ],
            [
                -0.6588096730970967,
                -0.34560512231436297,
                0.6682266936180948,
                3.171892626540595
            ]
        ],
        [
            [
                -0.756880203996163,
                0.12079203274718373,
                -0.6422940460751057,
                0.38918926183235864
            ],
            [
                0.1359743338238769,
                -0.9321616351287914,
                -0.33553787645386773,
                0.8074429839963838
            ],
            [
                -0.6392521703833938,
                -0.34129748141294775,
                0.6891100723696467,
                3.104984704080995
            ]
        ],
        [
            [
                -0.7496326719519726,
                0.1269865467306163,
                -0.6495577526991573,
                0.3904161442600917
            ],
            [
                0.13397720373924496,
                -0.9319885988272595,
                -0.33681947766454134,
                0.8100824158806642
            ],
            [
                -0.6481519621357011,
                -0.3395168163809189,
                0.6816358011241833,
                3.0896210498816874
            ]
        ],
        [
            [
                -0.7495924050481456,
                0.12308721836796217,
                -0.6503543364724914,
                0.394974103119551
            ],
            [
                0.12364331566811794,
                -0.93922307606187,
                -0.32026917410745726,
                0.8106199707797369
            ],
            [
                -0.6502488422017613,
                -0.32048330700258976,
                0.6888155726665541,
                3.0544772148923482
            ]
        ],
        [
            [
                -0.76238122617301,
                0.11732874214874238,
                -0.6364030422968857,
                0.3976502834802328
            ],
            [
                0.11989173628328977,
                -0.9407930828676856,
                -0.3170715168527348,
                0.8119799169693044
            ],
            [
                -0.6359251823523865,
                -0.3180288375196657,
                0.703176237479605,
                3.0190388933116834
            ]
        ]
    ],
    "reprojection_errors": [
        0.06624120482735868,
        0.06235774266369198,
        0.0627710425990231,
        0.05193041202925091,
        0.05611547796678584,
        0.04583242413758515,
        0.054329194574574476,
        0.07056334536492374,
        0.060117192216974175,
        0.0697961292971294,
        0.05528903843335281,
        0.05444793027208961
    ],
    "best_extrinsic": [
        [
            -0.7623507910954965,
            0.10827039039680537,
            -0.6380429404667007,
            0.381023949824435
        ],
        [
            0.175673025261253,
            -0.9142665539438116,
            -0.3650419928381754,
            0.8240405649032768
        ],
        [
            -0.6228645595244842,
            -0.3903769856216305,
            0.6779716436439944,
            3.2674791542854345
        ]
    ],
    "best_error": 0.04583242413758515
}