{
    "camera_matrix": [
        [
            1370.9788931724572,
            0.0,
            997.0164174566061
        ],
        [
            0.0,
            1366.5142687806374,
            561.9901115164989
        ],
        [
            0.0,
            0.0,
            1.0
        ]
    ],
    "dist_coeffs": [
        [
            -0.6201583489256323,
            0.903679615619578,
            0.00524632160365847,
            -0.004148005337841735,
            -1.258887807322894
        ]
    ]
}