{
    "camera_matrix": [
        [
            1112.3585962686557,
            0.0,
            997.926811625806
        ],
        [
            0.0,
            1113.7701672802375,
            544.3827394335334
        ],
        [
            0.0,
            0.0,
            1.0
        ]
    ],
    "dist_coeffs": [
        [
            -0.42715238915105536,
            0.22305923861472868,
            0.001714807295678384,
            -0.00034020087683156154,
            -0.06510592078164547
        ]
    ]
}