{
    "camera_matrix": [
        [
            911.820735360741,
            0.0,
            801.5414542622186
        ],
        [
            0.0,
            904.1624773044631,
            455.521873542394
        ],
        [
            0.0,
            0.0,
            1.0
        ]
    ],
    "dist_coeffs": [
        -0.9524948648874404,
        5.5940409691484945,
        -0.006703599575728298,
        0.08112954551924105,
        -10.256902703492386
    ],
    "extrinsics": [
        [
            [
                -0.9979419959134845,
                -0.03285531239631095,
                -0.05506633490211177,
                0.16865864641111272
            ],
            [
                0.05380903955128504,
                -0.8961554048501376,
                -0.4404657507916526,
                1.494874197606944
            ],
            [
                -0.03487635380567984,
                -0.4425223370692454,
                0.8960790261690058,
                1.7733403741091194
            ]
        ],
        [
            [
                -0.9989068261333738,
                -0.03462717285545955,
                -0.03140241398663211,
                0.2078274534768638
            ],
            [
                0.04447455542470806,
                -0.9108418182714271,
                -0.410352526503463,
                1.4342612436414437
            ],
            [
                -0.014393283986786121,
                -0.4113005482467035,
                0.9113861379174234,
                1.6791870021711413
            ]
        ],
        [
            [
                -0.9940849340316433,
                -0.0009318469571031121,
                -0.10860145299466246,
                0.23486441629170637
            ],
            [
                0.06048133430442755,
                -0.8353053239727108,
                -0.546449470622491,
                1.495150947009842
            ],
            [
                -0.0902061646012035,
                -0.5497855467399021,
                0.8304207972250268,
                1.8437630326958692
            ]
        ],
        [
            [
                -0.9980461828022564,
                -0.012591602212105915,
                -0.061198599228880796,
                0.18274677265556555
            ],
            [
                0.03505936480280502,
                -0.9236101083826729,
                -0.38172661504402744,
                1.4564122747182864
            ],
            [
                -0.05171709517624627,
                -0.3831263750345039,
                0.9222469966443113,
                1.687995808770329
            ]
        ],
        [
            [
                -0.9979112207825136,
                0.0031734011315545443,
                -0.0645222826751476,
                0.13738579634298728
            ],
            [
                0.03444002343747677,
                -0.8188807045386685,
                -0.5729295563329578,
                1.4764301779683808
            ],
            [
                -0.05465418759783605,
                -0.5739549819101774,
                0.8170609515320801,
                1.8605118140766832
            ]
        ],
        [
            [
                -0.9679453130031829,
                0.07905800064040172,
                -0.23839400908981037,
                0.11015628080504869
            ],
            [
                0.033834836987336636,
                -0.8994712311314752,
                -0.4356681170029185,
                1.5257761284490798
            ],
            [
                -0.24887160312339915,
                -0.4297689343142086,
                0.8679640477907016,
                1.802783067689103
            ]
        ],
        [
            [
                -0.9681390142775069,
                0.07394096593834881,
                -0.23924795211219907,
                0.34744961772972094
            ],
            [
                0.00821462932659018,
                -0.9455202089333239,
                -0.32545975843982633,
                1.3572368112834823
            ],
            [
                -0.2502785825810988,
                -0.31705562296667655,
                0.9147876054289369,
                1.4588279015533452
            ]
        ],
        [
            [
                -0.9993884456100045,
                -0.01304704849367248,
                -0.03244239983143715,
                0.20198642028682473
            ],
            [
                0.030608717430795258,
                -0.7749903195221503,
                -0.6312314243319935,
                1.5460699679114145
            ],
            [
                -0.016906838807441364,
                -0.6318384122325574,
                0.7749157242106912,
                1.8767601313902411
            ]
        ],
        [
            [
                -0.7173133184679131,
                0.1424859157648557,
                -0.6820259283613789,
                0.4799512263735314
            ],
            [
                0.09996162212688063,
                -0.9476944940631121,
                -0.30312179074461915,
                1.3161702741605967
            ],
            [
                -0.6895428030588914,
                -0.2856097157505542,
                0.6655507591600923,
                2.321541646442332
            ]
        ],
        [
            [
                -0.9154112058800817,
                -0.03756243352747196,
                -0.40076350599408234,
                0.26700176930022024
            ],
            [
                0.10449247727650704,
                -0.9836791478676182,
                -0.1464809074352531,
                1.4183499404696591
            ],
            [
                -0.3887205247241175,
                -0.17596703565705363,
                0.9043959066804071,
                1.7498487512606498
            ]
        ],
        [
            [
                -0.3922788694539022,
                0.3171614223850265,
                -0.8634384290328262,
                1.3951637698459638
            ],
            [
                0.09529397566918331,
                -0.9196137319115382,
                -0.3810900710867374,
                1.4774024176636922
            ],
            [
                -0.9148969050013936,
                -0.2317740628941046,
                0.33052146222057954,
                1.4260166621126935
            ]
        ],
        [
            [
                0.5995144420644265,
                -0.21620494326659384,
                0.7706087569339377,
                1.543384712517434
            ],
            [
                0.3399400780984741,
                -0.802877257336655,
                -0.4897232411821741,
                1.7537812383090188
            ],
            [
                0.7245848308228533,
                0.5555569567188043,
                -0.4078397856790795,
                2.1645249858624567
            ]
        ]
    ],
    "reprojection_errors": [
        0.08751722046396433,
        0.08080661669445376,
        0.14956177286635017,
        0.09988964255959819,
        0.16160390079711826,
        0.21602645062458922,
        0.1508181369464733,
        0.17280959992016612,
        4.324431502130785,
        3.7248077740213756,
        7.4307871137357955,
        8.452717376596658
    ],
    "best_extrinsic": [
        [
            -0.9989068261333738,
            -0.03462717285545955,
            -0.03140241398663211,
            0.2078274534768638
        ],
        [
            0.04447455542470806,
            -0.9108418182714271,
            -0.410352526503463,
            1.4342612436414437
        ],
        [
            -0.014393283986786121,
            -0.4113005482467035,
            0.9113861379174234,
            1.6791870021711413
        ]
    ],
    "best_error": 0.08080661669445376
}