{
    "camera_matrix": [
        [
            1112.358642578125,
            0.0,
            997.9268188476562
        ],
        [
            0.0,
            1113.7701416015625,
            544.3827514648438
        ],
        [
            0.0,
            0.0,
            1.0
        ]
    ],
    "dist_coeffs": [
        [
            -0.4271523952484131,
            0.22305923700332642,
            0.0017148073529824615,
            -0.00034020087332464755,
            -0.06510592252016068
        ]
    ],
    "extrinsics": [
        [
            [
                -0.9954836306536688,
                0.019077027917541865,
                -0.09299681772202265,
                -0.26159431917978104
            ],
            [
                0.039407858321493364,
                -0.8081720514093536,
                -0.5876265446891505,
                1.3037418306814177
            ],
            [
                -0.08636759695107235,
                -0.5886374115927652,
                0.803770263116437,
                2.409546652730668
            ]
        ],
        [
            [
                -0.9948009241309109,
                0.020510990408884513,
                -0.09975179507523795,
                -0.25265335351027285
            ],
            [
                0.04252973978698403,
                -0.8063287953442089,
                -0.5899365177986599,
                1.3067931372397532
            ],
            [
                -0.09253292701485803,
                -0.5911118109725128,
                0.8012643036769204,
                2.4162418703504778
            ]
        ],
        [
            [
                -0.9944766457165073,
                0.018960682982622823,
                -0.10323126282903311,
                -0.25093113282685986
            ],
            [
                0.044906818213650085,
                -0.8121118354579492,
                -0.581771213095876,
                1.3016030403619918
            ],
            [
                -0.09486610987265484,
                -0.5831936721278391,
                0.8067747901289904,
                2.4093259648509493
            ]
        ],
        [
            [
                -0.9955062280708106,
                0.017813199219983263,
                -0.09300559018562608,
                -0.2586211214254582
            ],
            [
                0.04058730694538739,
                -0.807100146096045,
                -0.5890178475111462,
                1.304881954328142
            ],
            [
                -0.08555711768840947,
                -0.5901457820787098,
                0.8027502323310529,
                2.411959478347758
            ]
        ],
        [
            [
                -0.9947731826083454,
                0.022587185770812687,
                -0.09957978812097497,
                -0.26404202547784966
            ],
            [
                0.040717576190510266,
                -0.8065873099184717,
                -0.5897109380600407,
                1.3020641996240534
            ],
            [
                -0.09363970393179093,
                -0.5906832742827903,
                0.8014517298815493,
                2.417897286962882
            ]
        ],
        [
            [
                -0.9952531647738566,
                0.017297985224590057,
                -0.09577012955401273,
                -0.2581495639699562
            ],
            [
                0.04173050192110478,
                -0.8131611156566817,
                -0.5805407523967576,
                1.3079905006401256
            ],
            [
                -0.08791873075195744,
                -0.581781556678407,
                0.8085793202227065,
                2.3992997590561487
            ]
        ],
        [
            [
                -0.9970840565932818,
                0.01052416673778476,
                -0.07558191583944222,
                -0.26827335423424636
            ],
            [
                0.03613522845246875,
                -0.8072499749246342,
                -0.5891024726215851,
                1.3041036637226135
            ],
            [
                -0.06721331231365639,
                -0.5901158529463962,
                0.8045157865133384,
                2.4288049737945405
            ]
        ],
        [
            [
                -0.9942793278962381,
                0.020103914001932614,
                -0.10490210083696111,
                -0.24840651643138298
            ],
            [
                0.04609900478375551,
                -0.805175982059185,
                -0.5912415070620248,
                1.3044240262603544
            ],
            [
                -0.0963509204738198,
                -0.5926950907142979,
                0.7996430638522521,
                2.425369376034496
            ]
        ],
        [
            [
                -0.6437199832590831,
                0.1336521563535236,
                -0.7534996245884793,
                0.03053080249336732
            ],
            [
                0.14501864884164486,
                -0.9454847253189042,
                -0.2915959973606978,
                1.0253809209268325
            ],
            [
                -0.7513948194132494,
                -0.2969776679999519,
                0.5892453564248438,
                2.968679613449402
            ]
        ],
        [
            [
                -0.836542976932072,
                -0.0002772633813082487,
                -0.5479012418955118,
                -0.15489682326953055
            ],
            [
                0.1287833442486397,
                -0.9720830381188807,
                -0.19613622114668905,
                1.2154891351652664
            ],
            [
                -0.5325511224190247,
                -0.2346369325715454,
                0.8132249454386246,
                2.4260987362181496
            ]
        ],
        [
            [
                -0.12891296455989898,
                -0.27756313754661116,
                0.952018987333582,
                -0.257330125377964
            ],
            [
                -0.08148990123259074,
                -0.9538175057894689,
                -0.28912205320013074,
                1.000784467247043
            ],
            [
                0.9883020001828797,
                -0.1148515142470383,
                0.10034084965596723,
                3.7989723206369903
            ]
        ],
        [
            [
                0.19584439155986555,
                -0.17112160023288667,
                0.9655891322028652,
                0.6659660432225097
            ],
            [
                0.09648806497343873,
                -0.9765164746264516,
                -0.19262821211029307,
                1.341623828062411
            ],
            [
                0.97587654322267,
                0.1308929819236414,
                -0.17473408273977242,
                3.3251738892679557
            ]
        ]
    ],
    "reprojection_errors": [
        0.060754189456355086,
        0.05613208483905641,
        0.0637397869166236,
        0.05798666942025806,
        0.06538217575142276,
        0.18106973492280556,
        0.06427209195265644,
        0.05761334327556619,
        4.331360189650323,
        3.7607733042525546,
        7.392374446241766,
        8.675691234171802
    ],
    "best_extrinsic": [
        [
            -0.9948009241309109,
            0.020510990408884513,
            -0.09975179507523795,
            -0.25265335351027285
        ],
        [
            0.04252973978698403,
            -0.8063287953442089,
            -0.5899365177986599,
            1.3067931372397532
        ],
        [
            -0.09253292701485803,
            -0.5911118109725128,
            0.8012643036769204,
            2.4162418703504778
        ]
    ],