{
    "camera_matrix": [
        [
            1691.461181640625,
            0.0,
            950.8704833984375
        ],
        [
            0.0,
            1695.446044921875,
            529.6292724609375
        ],
        [
            0.0,
            0.0,
            1.0
        ]
    ],
    "dist_coeffs": [
        -0.7007790803909302,
        0.06474735587835312,
        -0.025610512122511864,
        -0.009683297015726566,
        1.2894694805145264
    ],
    "extrinsics": [
        [
            [
                -0.07060969821440988,
                0.0150011580950285,
                0.9973912150073702,
                -1.03648799901477
            ],
            [
                -0.6420907074622493,
                -0.7658771321462763,
                -0.033937322316642815,
                0.876127879203414
            ],
            [
                0.7633700242403408,
                -0.6428119349476978,
                0.06371045738415637,
                4.239174730928133
            ]
        ],
        [
            [
                -0.06965887386606451,
                0.018120922034331466,
                0.997406273028367,
                -1.0532367921663839
            ],
            [
                -0.6025206991546138,
                -0.7976262709417222,
                -0.027588747594584462,
                0.8208101700360745
            ],
            [
                0.7950575126253114,
                -0.6028797260550631,
                0.06647997841324049,
                5.051922701917376
            ]
        ],
        [
            [
                -0.028599913713764136,
                -0.013849561493395446,
                0.9994949897733386,
                -1.075996829581422
            ],
            [
                -0.5773565423539142,
                -0.8160177887665202,
                -0.02782788920726187,
                0.8192037433503947
            ],
            [
                0.815991095500863,
                -0.5778608466257594,
                0.015341903410674873,
                4.948759540082574
            ]
        ],
        [
            [
                0.019600375860196917,
                -0.050921726894076036,
                0.9985102918829956,
                -1.0801436266106645
            ],
            [
                -0.5659989176962296,
                -0.8238265805925461,
                -0.030902916947920078,
                0.827158027896182
            ],
            [
                0.8241729493454857,
                -0.5645500357269659,
                -0.044968952932504025,
                4.830386549122066
            ]
        ],
        [
            [
                -0.0732671762149234,
                0.03689401184392532,
                0.9966296969183448,
                -1.0584363751332153
            ],
            [
                -0.5806479011349586,
                -0.8140580388926241,
                -0.0125508653830112,
                0.9193913368894985
            ],
            [
                0.8108513647994058,
                -0.5796105081900735,
                0.0810661643263445,
                4.286739913129313
            ]
        ],
        [
            [
                -0.02653884022987585,
                -0.0227671773533048,
                0.9993884858225133,
                -0.98906550785509
            ],
            [
                -0.5696296719851154,
                -0.8212047627401138,
                -0.03383451561768075,
                0.9444564729750431
            ],
            [
                0.8214729008028094,
                -0.5701792641690124,
                0.008824962226582356,
                4.361677992283579
            ]
        ],
        [
            [
                -0.020439413265066375,
                -0.04521476947754499,
                0.9987681687991823,
                -0.9628220979608183
            ],
            [
                -0.5520012199859623,
                -0.8324035244299528,
                -0.04897984943425454,
                0.9513540722947086
            ],
            [
                0.833592756398104,
                -0.5523223670445416,
                -0.007944768273867586,
                4.336977857393392
            ]
        ],
        [
            [
                -0.05828230844668969,
                0.02498677097204216,
                0.9979873916029778,
                -1.0629723874875656
            ],
            [
                -0.6632575361884111,
                -0.7481238608023901,
                -0.020003239422764996,
                0.8496244006186028
            ],
            [
                0.746118364075971,
                -0.6630884934716608,
                0.06017504976383381,
                4.797403057011889
            ]
        ],
        [
            [
                -0.09455685237332667,
                0.03635470485530079,
                0.994855435278982,
                -1.0493430270813917
            ],
            [
                -0.6424130778423389,
                -0.7656442731883454,
                -0.03307996902996274,
                0.8592385290204864
            ],
            [
                0.7605027541609444,
                -0.6422360799338311,
                0.09575165035049682,
                4.760551817597131
            ]
        ],
        [
            [
                -0.07367663470070496,
                0.027189469311134473,
                0.9969114736313139,
                -1.0541593719596285
            ],
            [
                -0.5703288376328828,
                -0.8211789185169633,
                -0.01975349963006945,
                0.8368042049620654
            ],
            [
                0.8181055986017355,
                -0.5700227333553367,
                0.07600863763156895,
                4.742851481983176
            ]
        ],
        [
            [
                -0.11368299694903683,
                0.034343565952622446,
                0.9929233080567414,
                -1.0340714608107946
            ],
            [
                -0.6529880427968708,
                -0.7558059601615223,
                -0.04862063912199238,
                0.8897963285954974
            ],
            [
                0.7487875480862358,
                -0.6538943875443319,
                0.10834822457717408,
                4.736356869019072
            ]
        ],
        [
            [
                -0.12039998626195114,
                0.051578506347556785,
                0.9913846382666405,
                -1.008212182775334
            ],
            [
                -0.5886942575935685,
                -0.8078185391582197,
                -0.029466572054399842,
                0.816139429334656
            ],
            [
                0.7993390484547092,
                -0.5871702184845847,
                0.1276253115188598,
                4.940552266712187
            ]
        ]
    ],
    "reprojection_errors": [
        0.07580006458107279,
        0.04755259639077574,
        0.05931668243118877,
        0.049892656592616956,
        0.07659933492082706,
        0.0818694849630002,
        0.07064899580469802,
        0.051669578761874176,
        0.06000691840696068,
        0.06644564823180377,
        0.08159755581391082,
        0.05212944453576346
    ],
    "best_extrinsic": [
        [
            -0.06965887386606451,
            0.018120922034331466,
            0.997406273028367,
            -1.0532367921663839
        ],
        [
            -0.6025206991546138,
            -0.7976262709417222,
            -0.027588747594584462,
            0.8208101700360745
        ],
        [
            0.7950575126253114,
            -0.6028797260550631,
            0.06647997841324049,
            5.051922701917376
        ]
    ],
    "best_error": 0.04755259639077574
}