{
    "camera_matrix": [
        [
            1691.4611557216467,
            0.0,
            950.8704648957321
        ],
        [
            0.0,
            1695.4460182457642,
            529.6292898757767
        ],
        [
            0.0,
            0.0,
            1.0
        ]
    ],
    "dist_coeffs": [
        [
            -0.7007791035504572,
            0.06474735955131661,
            -0.025610512640668607,
            -0.009683296927739882,
            1.2894694649654388
        ]
    ]
}