{
    "camera_matrix": [
        [
            3992.741455078125,
            0.0,
            866.548828125
        ],
        [
            0.0,
            3639.7001953125,
            563.2787475585938
        ],
        [
            0.0,
            0.0,
            1.0
        ]
    ],
    "dist_coeffs": [
        -2.8078715801239014,
        59.669647216796875,
        -0.21300920844078064,
        -0.01612495817244053,
        -532.2116088867188
    ],
    "extrinsics": [
        [
            [
                -0.524352055217079,
                -0.6496186664088337,
                -0.550500236551115,
                1.288280805125716
            ],
            [
                0.7160015620765903,
                -0.6862889559871417,
                0.12786411534891848,
                0.45070779339750844
            ],
            [
                -0.4608651487078489,
                -0.32711321762241186,
                0.824985004447477,
                5.431006159724208
            ]
        ],
        [
            [
                -0.050388290938032654,
                -0.05879989814250269,
                -0.9969972879174623,
                0.8677413078448294
            ],
            [
                0.6374796701488581,
                -0.770353838604348,
                0.013214896687031463,
                0.599606879171436
            ],
            [
                -0.7688177224045026,
                -0.634899626181948,
                0.07630055301749494,
                12.511995319275757
            ]
        ],
        [
            [
                0.15904400649087425,
                0.03184708099466396,
                -0.9867577045209478,
                1.068249734326456
            ],
            [
                0.5292971636101141,
                -0.8464522354819801,
                0.05799246193986468,
                0.5028194779115359
            ],
            [
                -0.8333963742383447,
                -0.5315114076665504,
                -0.1514797244739482,
                12.350497972764256
            ]
        ],
        [
            [
                -0.20884841953941635,
                -0.2229924436066398,
                -0.9521852276475556,
                0.7744897795757719
            ],
            [
                0.6478525722618066,
                -0.760909859091099,
                0.036100290188924966,
                0.5741959734029944
            ],
            [
                -0.7325772193220647,
                -0.6093361604502916,
                0.3033810496686431,
                12.50474382822163
            ]
        ],
        [
            [
                -0.4305497767861288,
                -0.4065755403875653,
                -0.8058059441751309,
                0.3416512368564306
            ],
            [
                0.6026019667372366,
                -0.7941500283640643,
                0.07871849931096356,
                0.5053762361641252
            ],
            [
                -0.671935829818465,
                -0.4516880144612153,
                0.5869243377116474,
                11.658795473495072
            ]
        ],
        [
            [
                0.16970509043598758,
                -0.05395579532646347,
                -0.9840167449951255,
                0.8555210728347007
            ],
            [
                0.5436086345882878,
                -0.827726023101926,
                0.13913764077677612,
                0.7922797203779396
            ],
            [
                -0.822003549068476,
                -0.5585323650698842,
                -0.11113848338118903,
                8.248288466151653
            ]
        ],
        [
            [
                -0.14341217735291212,
                -0.12305967909088322,
                -0.9819823128595268,
                1.1243725710715058
            ],
            [
                0.640068070278678,
                -0.7683130842373364,
                0.002805351928192479,
                0.7969643547887875
            ],
            [
                -0.7548150851676364,
                -0.6281332024115271,
                0.18895202362402264,
                7.560604444903956
            ]
        ],
        [
            [
                0.013977723097141181,
                -0.09098159412058537,
                -0.9957544741492736,
                0.851218792602879
            ],
            [
                0.7790247752079442,
                -0.6233071454852022,
                0.06788668499272144,
                0.5285818880427816
            ],
            [
                -0.626837317706302,
                -0.7766663066712538,
                0.06216450122378758,
                7.775511065356402
            ]
        ],
        [
            [
                0.6295041977779593,
                0.4040370130525361,
                -0.6636855859995098,
                0.41889059823478475
            ],
            [
                0.3566231503089959,
                -0.9091255360335884,
                -0.21519918307309635,
                0.8481324533151564
            ],
            [
                -0.6903219492697702,
                -0.10121685539091538,
                -0.7163872936765137,
                8.16456678733988
            ]
        ],
        [
            [
                -0.12224253316355638,
                -0.08749794616760581,
                -0.9886358644628506,
                0.9571738974749464
            ],
            [
                0.588349422845823,
                -0.8086059337951105,
                -0.0011834138432902375,
                0.7636488096738671
            ],
            [
                -0.7993132800865654,
                -0.581808003767384,
                0.15032540380610315,
                9.274362249695981
            ]
        ],
        [
            [
                -0.32710489575017165,
                -0.2492407008581652,
                -0.911526993682579,
                1.067771292006404
            ],
            [
                0.4041112906841361,
                -0.908836755428328,
                0.10348824437640847,
                0.776877193002897
            ],
            [
                -0.8542227179827702,
                -0.33450683852238383,
                0.39800593345311963,
                8.461289582586513
            ]
        ],
        [
            [
                -0.22490350019123284,
                -0.17389613120757788,
                -0.958737999222295,
                1.0420556974430268
            ],
            [
                0.47495758591525494,
                -0.8787007080440261,
                0.047962039828187475,
                0.8101541414584138
            ],
            [
                -0.8507841719162891,
                -0.444573055002172,
                0.2802161515379701,
                8.894090389055272
            ]
        ],
        [
            [
                -0.032766735321376306,
                -0.06849375675348368,
                -0.9971133066719013,
                0.8748639674995383
            ],
            [
                0.7078598929825635,
                -0.7059021863022067,
                0.02522846171446763,
                0.6703245368129204
            ],
            [
                -0.7055924552906532,
                -0.7049898642246988,
                0.07161409342683989,
                11.110085440839859
            ]
        ]
    ],
    "reprojection_errors": [
        0.14553083301469846,
        0.059978031636626496,
        0.06428250256512386,
        0.08917881831813179,
        0.09566838825530873,
        0.21030575133610663,
        0.1366257583797637,
        0.15410376468031295,
        0.09275409090641351,
        0.07824427472826424,
        0.11194083761963958,
        0.10008235906540537,
        0.0776897736300171
    ],