{
    "camera_matrix": [
        [
            3992.7415059451955,
            0.0,
            866.5488447489685
        ],
        [
            0.0,
            3639.7001409610634,
            563.2787614617079
        ],
        [
            0.0,
            0.0,
            1.0
        ]
    ],
    "dist_coeffs": [
        [
            -2.8078716575277407,
            59.66964652258064,
            -0.213009209103978,
            -0.016124958352891117,
            -532.2115832755951
        ]
    ]
}