{
    "camera_matrix": [
        [
            5501.0537109375,
            0.0,
            911.590087890625
        ],
        [
            0.0,
            5564.9658203125,
            548.2435302734375
        ],
        [
            0.0,
            0.0,
            1.0
        ]
    ],
    "dist_coeffs": [
        [
            1.7504857778549194,
            -361.8990478515625,
            0.29808181524276733,
            -0.05313980579376221,
            1761.276123046875
        ]
    ],
    "extrinsics": [
        [
            [
                -0.9526488135593233,
                -0.12283629983891385,
                -0.2781572962657964,
                0.5567793513578276
            ],
            [
                0.2529353488279997,
                -0.827854105362017,
                -0.500680826024437,
                0.9753818129875859
            ],
            [
                -0.16877187958090556,
                -0.5473288076441244,
                0.8197238736218371,
                11.07593344543644
            ]
        ],
        [
            [
                -0.7882715308638543,
                0.057506627473327035,
                -0.6126344598748911,
                0.3221162593238525
            ],
            [
                0.12088528591250845,
                -0.961748229805594,
                -0.24581922242912016,
                1.134043327864418
            ],
            [
                -0.6033363417525971,
                -0.26783078662179627,
                0.7511670443104803,
                12.308648846417805
            ]
        ],
        [
            [
                -0.972588479601506,
                -0.1365879415885182,
                -0.18818975412875869,
                0.364556489929873
            ],
            [
                0.21257229349269205,
                -0.8503053396024997,
                -0.4814497372340489,
                1.1300176259879984
            ],
            [
                -0.09425852420703337,
                -0.5082563955879842,
                0.8560319894479547,
                12.130791470692914
            ]
        ],
        [
            [
                -0.9618744245629318,
                -0.11530018885291204,
                -0.2479989068972113,
                0.2517210595049507
            ],
            [
                0.22502715026143927,
                -0.8490173871244479,
                -0.4780504764202114,
                1.1854148364617865
            ],
            [
                -0.1554360737311146,
                -0.5156310142057577,
                0.8425937836064282,
                13.290956646972132
            ]
        ],
        [
            [
                -0.9580714316123334,
                -0.11619784966593777,
                -0.26191065587582707,
                0.3629766123111614
            ],
            [
                0.2338863214471148,
                -0.8451807754477068,
                -0.480589893207868,
                1.1169467081767097
            ],
            [
                -0.16551833906921215,
                -0.5216967668546789,
                0.8369206431228384,
                12.513030713876434
            ]
        ],
        [
            [
                -0.9542227862432493,
                -0.11339720998100747,
                -0.2767669542822867,
                0.4519239411112367
            ],
            [
                0.23909809735518836,
                -0.8451487894625177,
                -0.4780749141203392,
                1.0573007636961065
            ],
            [
                -0.17969689495174637,
                -0.5223644287645973,
                0.8335732898228783,
                11.843490500434708
            ]
        ],
        [
            [
                -0.9246537756452049,
                -0.08040304634989318,
                -0.3722240525848969,
                0.4556769163940427
            ],
            [
                0.26405814841899977,
                -0.8396705282464718,
                -0.47458054979931547,
                1.0242631441152437
            ],
            [
                -0.2743878449177307,
                -0.5371114913422985,
                0.797635603787504,
                11.934119928005448
            ]
        ],
        [
            [
                -0.7504502860481229,
                0.04891443991086185,
                -0.6591143646883272,
                0.33903876017195866
            ],
            [
                0.09804524436691915,
                -0.9779845092193988,
                -0.18421028685695828,
                1.1322946991783394
            ],
            [
                -0.6536141814765967,
                -0.20286369141642485,
                0.729132926480199,
                12.639177274657172
            ]
        ],
        [
            [
                -0.7426571587677651,
                0.05862600329517549,
                -0.6671006942498446,
                0.32238352465225
            ],
            [
                0.10314312636712887,
                -0.974260392393762,
                -0.20044496325916286,
                1.1297100959539783
            ],
            [
                -0.6616810712225377,
                -0.2176687381099701,
                0.7174945856488453,
                14.320342296634994
            ]
        ],
        [
            [
                -0.7513798155602662,
                0.056863789817275946,
                -0.6574153041846813,
                0.3103193610588727
            ],
            [
                0.11448072930780612,
                -0.969938758463422,
                -0.2147393011248479,
                1.137910471376929
            ],
            [
                -0.6498634744204148,
                -0.23661215995390417,
                0.7222825973095125,
                15.195162154533994
            ]
        ],
        [
            [
                -0.749084541647711,
                0.05161607654886129,
                -0.6604605439434975,
                0.31510487052392927
            ],
            [
                0.09046352049635,
                -0.9796513181556206,
                -0.17916374157558038,
                1.1046809940787818
            ],
            [
                -0.6562687718639711,
                -0.19395637519209566,
                0.7291722866363598,
                15.658782954958172
            ]
        ],
        [
            [
                -0.7468814098624237,
                0.045781339950218033,
                -0.6633794001280722,
                0.32686436465592994
            ],
            [
                0.07942628191957156,
                -0.9843427467254874,
                -0.1573557202943564,
                1.0855093220586978
            ],
            [
                -0.66019665656708,
                -0.17021582147757464,
                0.731551056848641,
                15.537633792987368
            ]
        ]
    ],
    "reprojection_errors": [
        0.09614098943955358,
        0.29788297001650027,
        0.08029850905697138,
        0.07189717162062424,
        0.07861372187425059,
        0.0881830327300393,
        0.08049143230918697,
        0.07164488335939344,
        0.062172261874002425,
        0.059664752136417754,
        0.053929011199412576,
        0.0611805475589697
    ],
    "best_extrinsic": [
        [
            -0.749084541647711,
            0.05161607654886129,
            -0.6604605439434975,
            0.31510487052392927
        ],
        [
            0.09046352049635,
            -0.9796513181556206,
            -0.17916374157558038,
            1.1046809940787818
        ],
        [
            -0.6562687718639711,
            -0.19395637519209566,
            0.7291722866363598,
            15.658782954958172
        ]
    ],
    "best_error": 0.053929011199412576
}