{
    "camera_matrix": [
        [
            5501.053479827291,
            0.0,
            911.5900818118499
        ],
        [
            0.0,
            5564.965749307773,
            548.2435229855495
        ],
        [
            0.0,
            0.0,
            1.0
        ]
    ],
    "dist_coeffs": [
        [
            1.7504857207803741,
            -361.89905186847085,
            0.29808180350095914,
            -0.053139805469595715,
            1761.2761515278369
        ]
    ]
}