{
    "camera_matrix": [
        [
            1163.3801301317653,
            0.0,
            1048.2553467241576
        ],
        [
            0.0,
            1159.7314077897513,
            592.6913413943282
        ],
        [
            0.0,
            0.0,
            1.0
        ]
    ],
    "dist_coeffs": [
        -0.5008907478994723,
        0.47127469820272866,
        -0.010041912319038178,
        -0.004364727587821681,
        -0.34269029543308743
    ],
    "extrinsics": [
        [
            [
                -0.9722198702277687,
                0.009159085243629697,
                0.2338902201713457,
                -0.939720392630944
            ],
            [
                -0.10415283689873522,
                -0.9117895689543494,
                -0.39723037209154494,
                0.8606463533739905
            ],
            [
                0.20962039619332395,
                -0.4105555907590855,
                0.8874138811153512,
                2.219643520892376
            ]
        ],
        [
            [
                -0.9690763758004821,
                0.0031938158471942896,
                0.24674030356984042,
                -0.9327217164833771
            ],
            [
                -0.1038899205224245,
                -0.9122586421198061,
                -0.39622096649669075,
                0.8614924925185267
            ],
            [
                0.22382551748906362,
                -0.40960220875632697,
                0.8843801039726586,
                2.2408513871443216
            ]
        ],
        [
            [
                -0.969014235542078,
                0.0027895560745314213,
                0.24698912869539238,
                -0.9340185367925206
            ],
            [
                -0.09845528454557609,
                -0.9214299792412489,
                -0.37586347295330663,
                0.8635555701977204
            ],
            [
                0.22653469549243818,
                -0.3885344408574077,
                0.8931534134770853,
                2.2137663874714186
            ]
        ],
        [
            [
                -0.9672850335000488,
                0.00538931690440652,
                0.253634814704357,
                -0.9397891851606653
            ],
            [
                -0.10221304001530315,
                -0.92331563793918,
                -0.37019012302841775,
                0.8592870567303107
            ],
            [
                0.23218991885445772,
                -0.3840041510195807,
                0.8936602562395245,
                2.2070358264957544
            ]
        ],
        [
            [
                -0.9557376074350701,
                -0.024340396764017346,
                0.293211819031324,
                -0.938105607344153
            ],
            [
                -0.0845088234461049,
                -0.9318680067134453,
                -0.35281762544360684,
                0.8483539454417525
            ],
            [
                0.2818224343341792,
                -0.3619800590492249,
                0.8885643208888577,
                2.1801990493268106
            ]
        ],
        [
            [
                -0.961139758291177,
                -0.007461023682387623,
                0.2759614070075535,
                -0.9526491120154623
            ],
            [
                -0.10017997283950347,
                -0.9220654325959903,
                -0.3738439661856879,
                0.8509741522547344
            ],
            [
                0.2572437328174471,
                -0.3869621055570949,
                0.8854863018641027,
                2.2283773445744663
            ]
        ],
        [
            [
                -0.9646103051841194,
                -0.004070039591599281,
                0.2636482389668534,
                -0.9505205760713444
            ],
            [
                -0.09814199940954264,
                -0.922499501239468,
                -0.3733132975997912,
                0.8437863040864376
            ],
            [
                0.24473476885088796,
                -0.3859768192400364,
                0.8894530835996052,
                2.230447236178074
            ]
        ],
        [
            [
                -0.9698543657955717,
                0.0043288546279463755,
                0.24364681439509842,
                -0.9361572394359079
            ],
            [
                -0.09732430767592795,
                -0.9235193708905757,
                -0.37099858588042706,
                0.8451736130625934
            ],
            [
                0.22340655380420407,
                -0.38352735574856384,
                0.8961005965346989,
                2.2298748019923638
            ]
        ],
        [
            [
                -0.9702208485787286,
                -0.0008881683746246177,
                0.24222038754016983,
                -0.9288588099695183
            ],
            [
                -0.08487388020224376,
                -0.935348397455211,
                -0.34339452505446816,
                0.8385327875490807
            ],
            [
                0.22686544347385063,
                -0.353726711650261,
                0.9074191335995214,
                2.1944175440470683
            ]
        ],
        [
            [
                -0.9695214978058684,
                0.004201136845685856,
                0.24497023439893528,
                -0.9344367228856002
            ],
            [
                -0.10194551250788014,
                -0.9161054636722689,
                -0.3877600958186943,
                0.8583356494629949
            ],
            [
                0.2227895369441104,
                -0.4009153649824625,
                0.8886122283365269,
                2.2401586145600763
            ]
        ],
        [
            [
                -0.9701429585624195,
                0.0054983859864972395,
                0.24247145750231952,
                -0.9345311560651789
            ],
            [
                -0.11051945111041218,
                -0.8999336447314418,
                -0.42178772623991373,
                0.8635372089441566
            ],
            [
                0.21588907077017322,
                -0.4359922050128037,
                0.8736719672108434,
                2.3008268967388266
            ]
        ],
        [
            [
                -0.9644547124193772,
                -0.008181166960986676,
                0.26412151786481325,
                -0.9336840598812879
            ],
            [
                -0.10405687244729966,
                -0.9070038124904561,
                -0.4080640285840738,
                0.8659580838319502
            ],
            [
                0.24289766361277093,
                -0.42104293443179147,
                0.8739127944918325,
                2.2972711033870827
            ]
        ]
    ],
    "reprojection_errors": [
        0.07472702442613509,
        0.06948907263548736,
        0.0664464084569568,
        0.06289568668053055,
        0.07630615868562292,
        0.048651796114827395,
        0.08995800999475383,
        0.05420607441302161,
        0.06258101449259339,
        0.11709861982330627,
        0.07769339565023423,
        0.07811959027726885
    ],
    "best_extrinsic": [
        [
            -0.961139758291177,
            -0.007461023682387623,
            0.2759614070075535,
            -0.9526491120154623
        ],
        [
            -0.10017997283950347,
            -0.9220654325959903,
            -0.3738439661856879,
            0.8509741522547344
        ],
        [
            0.2572437328174471,
            -0.3869621055570949,
            0.8854863018641027,
            2.2283773445744663
        ]
    ],
    "best_error": 0.048651796114827395
}