{
    "camera_matrix": [
        [
            1179.1273201893873,
            0.0,
            985.4107470099806
        ],
        [
            0.0,
            1181.6071052702723,
            543.9948773555132
        ],
        [
            0.0,
            0.0,
            1.0
        ]
    ],
    "dist_coeffs": [
        [
            -0.48458939278905233,
            0.3815430089193358,
            -0.00023507291824506182,
            0.0018891821244907874,
            -0.2165448713569369
        ]
    ]
}