{
    "camera_matrix": [
        [
            4484.72802734375,
            0.0,
            966.223876953125
        ],
        [
            0.0,
            4153.8671875,
            579.8995361328125
        ],
        [
            0.0,
            0.0,
            1.0
        ]
    ],
    "dist_coeffs": [
        -1.970779538154602,
        96.72929382324219,
        -0.3746407628059387,
        0.028158927336335182,
        -1686.287353515625
    ],
    "extrinsics": [
        [
            [
                0.9988730365035591,
                -0.0053681673332503545,
                -0.04715760517287852,
                0.09366771601565813
            ],
            [
                0.024925273367346235,
                -0.7862112371597254,
                0.6174549548844329,
                0.10032588402370905
            ],
            [
                -0.04039044062302287,
                -0.6179345218898652,
                -0.785191402756692,
                10.823973099853758
            ]
        ],
        [
            [
                0.9813385123196133,
                -0.10935153539333159,
                -0.1581675249393803,
                -0.05722139176216348
            ],
            [
                -0.0810877679797008,
                -0.9811789696220451,
                0.17525011684872574,
                -0.2289340394711624
            ],
            [
                -0.17435451850295924,
                -0.1591542373879589,
                -0.9717357822983872,
                15.582895420740245
            ]
        ],
        [
            [
                0.9276745439336418,
                0.12758562812937624,
                0.3509157278212859,
                0.027749196508432678
            ],
            [
                0.04561046813479193,
                -0.9714929428914018,
                0.23263952181159772,
                -0.22603686958527988
            ],
            [
                0.3705936126460295,
                -0.1998083316757243,
                -0.9070485129577847,
                15.860226404854393
            ]
        ],
        [
            [
                0.849390758327885,
                0.19612680139498542,
                0.48996899640870445,
                0.07625228478509667
            ],
            [
                0.12131688004352939,
                -0.976082947348029,
                0.18040037281804264,
                -0.265733490907845
            ],
            [
                0.5136317302150296,
                -0.09378889950818706,
                -0.8528693264770156,
                14.980537335017477
            ]
        ],
        [
            [
                0.9820280758461166,
                0.03103524371355538,
                0.1861657108535712,
                -0.24104262608930818
            ],
            [
                -0.1108541031001517,
                -0.7034657436343583,
                0.7020308507172747,
                -0.11787624873298426
            ],
            [
                0.15274889877127168,
                -0.7100512384191718,
                -0.6873827265385452,
                9.800997823772333
            ]
        ],
        [
            [
                0.9976028691699533,
                -0.009978611011590966,
                -0.06847585520573204,
                0.10865859417324134
            ],
            [
                0.03885930462642738,
                -0.7380059654215697,
                0.6736743645457554,
                -0.05150826357145716
            ],
            [
                -0.057257924061456716,
                -0.6747204030740853,
                -0.7358491066840512,
                10.674200469359691
            ]
        ],
        [
            [
                0.9894761834154754,
                -0.003698208936275149,
                0.14464855928839634,
                -0.13962532585008577
            ],
            [
                -0.0956894567517931,
                -0.7665879936311503,
                0.6349695865843609,
                0.04450313215344785
            ],
            [
                0.10853759864715903,
                -0.6421286251766317,
                -0.7588744417943439,
                10.846395659321983
            ]
        ],
        [
            [
                0.6216308898809786,
                0.3857624437787202,
                0.6817348265386272,
                -0.5218092482293334
            ],
            [
                0.1803716594657661,
                -0.9174313945260109,
                0.35466279872524664,
                0.12613415276113416
            ],
            [
                0.7622605205619324,
                -0.09750370920087517,
                -0.6398843063278885,
                11.03875741197202
            ]
        ],
        [
            [
                0.8779455270904004,
                0.19651902455192102,
                0.43656835026272844,
                -0.31687761203842507
            ],
            [
                0.07140006272762642,
                -0.9554189134800574,
                0.2864903677387385,
                0.2135480002807544
            ],
            [
                0.47340646647933515,
                -0.22035192931705425,
                -0.8528372322675658,
                12.752696284402196
            ]
        ],
        [
            [
                0.9275747853595475,
                -0.19770280053766429,
                -0.317046716155136,
                0.2255668690273399
            ],
            [
                -0.12460555962591355,
                -0.9636449667811161,
                0.23635107892229873,
                0.20958654862774467
            ],
            [
                -0.3522477424704149,
                -0.1797275178067797,
                -0.9184876413254073,
                12.937713387243628
            ]
        ],
        [
            [
                0.844669746230214,
                -0.2791509324312391,
                -0.45673600331718345,
                0.26759521623084553
            ],
            [
                -0.19091699961991643,
                -0.9542447212253403,
                0.23014715133953176,
                0.1297915987002671
            ],
            [
                -0.5000837120518057,
                -0.10719966854586019,
                -0.8593163049798045,
                12.444348544066388
            ]
        ],
        [
            [
                0.9014780962229545,
                -0.2153733047797415,
                -0.3754351896379577,
                -0.08164485105114264
            ],
            [
                -0.16041037279207568,
                -0.971884339666366,
                0.17236398293140884,
                -0.22562411574348198
            ],
            [
                -0.4020021819977399,
                -0.0951586564613239,
                -0.910680556380519,
                14.740129162552842
            ]
        ]
    ],
    "reprojection_errors": [
        0.13312520529077643,
        0.06000630553317667,
        0.06834810763606243,
        0.05331843185057052,
        0.1653606885160145,
        0.16952526562924322,
        0.11019728833102138,
        0.08265109229417954,
        0.06652794038800687,
        0.07589116796127206,
        0.0765129874139419,
        0.05615711486312682
    ],
    "best_extrinsic": [
        [
            0.849390758327885,
            0.19612680139498542,
            0.48996899640870445,
            0.07625228478509667
        ],
        [
            0.12131688004352939,
            -0.976082947348029,
            0.18040037281804264,
            -0.265733490907845
        ],
        [
            0.5136317302150296,
            -0.09378889950818706,
            -0.8528693264770156,
            14.980537335017477
        ]
    ],
    "best_error": 0.05331843185057052
}