{
    "camera_matrix": [
        [
            4484.727936603673,
            0.0,
            966.2239019706668
        ],
        [
            0.0,
            4153.867237421518,
            579.8995502495674
        ],
        [
            0.0,
            0.0,
            1.0
        ]
    ],
    "dist_coeffs": [
        [
            -1.970779548631009,
            96.72929119852557,
            -0.3746407726959919,
            0.028158927862657657,
            -1686.287411839183
        ]
    ]
}